Plot,Replication,Block,Genotype,Population,Spikelet,Grain_number,,,,,Grain_yield(mg),,,,
,,,,,,Spike_1,Spike_2,Spike_3,Spike_4,Spike_5,Spike_1,Spike_2,Spike_3,Spike_4,Spike_5
1,1,1,Apache,elite,1,0,0,0,0,0,0,0,0,0,0
1,1,1,Apache,elite,2,0,0,0,1,3,0,0,0,46.5,135.7
1,1,1,Apache,elite,3,2,3,1,3,4,70.2,134.3,45.7,162.9,188.4
1,1,1,Apache,elite,4,3,3,3,2,4,164,157.2,174.3,91,201.4
1,1,1,Apache,elite,5,3,4,3,4,4,174.1,199.8,165.1,218.1,210.7
1,1,1,Apache,elite,6,3,4,4,4,4,181.8,212.6,209.7,188.3,216.4
1,1,1,Apache,elite,7,4,4,4,4,4,206.4,216.6,192.1,232.5,218.6
1,1,1,Apache,elite,8,4,4,4,4,4,206.8,211.7,223.8,237.9,211.5
1,1,1,Apache,elite,9,4,4,6,4,4,214.6,221.4,306.9,242.4,206.9
1,1,1,Apache,elite,10,3,4,4,3,4,176.9,209.7,215.4,186.8,211.4
1,1,1,Apache,elite,11,3,4,4,4,4,173,203,207.5,222.4,211.4
1,1,1,Apache,elite,12,3,4,4,5,3,170.8,215.1,207.7,244.7,143.1
1,1,1,Apache,elite,13,3,4,4,3,4,163.8,181.3,200.3,165,170.9
1,1,1,Apache,elite,14,3,3,2,3,3,159,121.1,85.6,153.3,152.9
1,1,1,Apache,elite,15,3,3,3,3,3,142.9,128.4,147.8,155.9,100.3
1,1,1,Apache,elite,16,3,2,3,3,3,117.5,94.8,154.1,126.3,133.7
1,1,1,Apache,elite,17,2,2,3,2,3,99.2,82,150.8,108.8,112.3
1,1,1,Apache,elite,18,2,2,3,2,3,90.1,61.9,108.3,90.7,105.9
1,1,1,Apache,elite,19,2,2,2,2,2,81.2,74.6,73.4,84,82.4
1,1,1,Apache,elite,20,2,2,3,2,1,65.9,60.3,100.7,68.5,34.5
1,1,1,Apache,elite,21,1,NA,2,1,2,39,NA,47.7,36.6,65.8
2,1,2,TRI4884,resource,1,0,0,3,0,0,0,0,104.9,0,0
2,1,2,TRI4884,resource,2,3,2,4,2,1,126.8,84.2,181.8,94.1,22.4
2,1,2,TRI4884,resource,3,3,3,3,3,3,155,152.4,142.4,157.6,141.8
2,1,2,TRI4884,resource,4,4,3,4,4,2,170.3,154.9,197.9,177.8,105.7
2,1,2,TRI4884,resource,5,3,3,3,4,3,157.5,174.1,146.7,185.7,157
2,1,2,TRI4884,resource,6,4,3,4,4,3,187.1,159,187.8,196.8,140.7
2,1,2,TRI4884,resource,7,4,3,4,4,4,188.5,181.3,182,181.2,207.6
2,1,2,TRI4884,resource,8,3,3,3,3,4,152.8,161.3,161.5,157.1,178.1
2,1,2,TRI4884,resource,9,3,3,3,4,4,153.9,176.5,148.9,200.5,214.1
2,1,2,TRI4884,resource,10,3,3,4,4,4,153.5,163,194.6,179.5,212.2
2,1,2,TRI4884,resource,11,3,3,3,4,3,164.2,175.1,142.4,202.7,177.8
2,1,2,TRI4884,resource,12,3,3,3,3,3,137.2,164.4,157.6,149.7,154.6
2,1,2,TRI4884,resource,13,3,2,3,2,3,156.8,109.5,148.5,146.8,162.6
2,1,2,TRI4884,resource,14,3,3,3,3,3,149.8,147.9,150.8,103.1,147
2,1,2,TRI4884,resource,15,2,3,2,2,3,82.2,132.3,96.5,159.7,164.5
2,1,2,TRI4884,resource,16,3,2,3,2,3,156.1,103.6,114.9,95.7,149.1
2,1,2,TRI4884,resource,17,3,1,2,2,3,150.1,12.8,97.9,107.3,140.1
2,1,2,TRI4884,resource,18,3,2,2,2,3,121.2,97.1,98.4,99.7,146.1
2,1,2,TRI4884,resource,19,2,2,1,2,2,101.6,103.4,47.8,103.8,99.6
2,1,2,TRI4884,resource,20,3,2,2,2,2,138,92.9,93.8,94.1,104.4
2,1,2,TRI4884,resource,21,3,2,2,2,1,136.3,91.4,85.3,90.5,45.7
2,1,2,TRI4884,resource,22,2,2,2,1,2,103,84.9,92.2,44.3,92.7
2,1,2,TRI4884,resource,23,2,NA,2,1,2,93.9,NA,76.6,38.8,91.1
2,1,2,TRI4884,resource,24,2,NA,2,1,1,92.5,NA,72.8,42.4,25.3
2,1,2,TRI4884,resource,25,2,NA,1,0,1,89.4,NA,37.7,0,41.4
2,1,2,TRI4884,resource,26,2,NA,NA,NA,NA,84.5,NA,NA,NA,NA
2,1,2,TRI4884,resource,27,2,NA,NA,NA,NA,87.4,NA,NA,NA,NA
2,1,2,TRI4884,resource,28,2,NA,NA,NA,NA,50.6,NA,NA,NA,NA
3,1,3,TRI4955,resource,1,0,2,1,0,0,0,71.4,33.5,0,0
3,1,3,TRI4955,resource,2,2,2,3,2,2,7.7,89.6,111.4,73.3,81
3,1,3,TRI4955,resource,3,3,3,3,3,3,146,128.9,118,123.7,124.7
3,1,3,TRI4955,resource,4,3,3,4,2,2,129.7,152,162.1,97.6,101.4
3,1,3,TRI4955,resource,5,3,3,3,3,2,114.8,129.1,135.2,127.3,92.9
3,1,3,TRI4955,resource,6,3,3,3,2,2,144.6,136.2,138.8,94.1,95.8
3,1,3,TRI4955,resource,7,3,4,3,3,2,148.2,170.1,144.8,131.5,97.8
3,1,3,TRI4955,resource,8,3,3,3,2,2,141.2,107,128.8,94.6,110.8
3,1,3,TRI4955,resource,9,3,3,3,2,2,141,138.3,145.3,96.6,100
3,1,3,TRI4955,resource,10,2,3,3,2,2,96,137.1,131.6,94.5,102.2
3,1,3,TRI4955,resource,11,3,3,3,2,3,118.7,131,119.2,74.1,108.7
3,1,3,TRI4955,resource,12,2,3,3,2,2,94.9,135.6,128,96.6,105.1
3,1,3,TRI4955,resource,13,3,2,2,2,2,138.7,51.4,64.4,89.7,99.6
3,1,3,TRI4955,resource,14,2,3,2,2,2,94.2,127.8,82.6,91.2,97.5
3,1,3,TRI4955,resource,15,2,2,2,2,2,94.6,81.9,93.4,83.3,93.1
3,1,3,TRI4955,resource,16,2,3,2,2,2,90.6,120.6,83.6,87.8,98.8
3,1,3,TRI4955,resource,17,3,2,2,2,2,93.7,83.3,88.6,84.1,87.5
3,1,3,TRI4955,resource,18,2,2,2,1,2,85.4,82.2,86.8,39,94.8
3,1,3,TRI4955,resource,19,2,2,2,2,2,87.5,75.8,85.6,75.2,81.4
3,1,3,TRI4955,resource,20,2,2,2,2,2,85.8,62.2,77.2,71.9,82.1
3,1,3,TRI4955,resource,21,2,2,2,1,2,69.2,61.2,72.9,38.2,74.6
3,1,3,TRI4955,resource,22,1,2,2,2,2,35.9,64.9,67.1,50.9,55.2
3,1,3,TRI4955,resource,23,1,1,2,2,1,30.5,30.8,64.3,47,38
3,1,3,TRI4955,resource,24,NA,NA,2,NA,NA,NA,NA,59,NA,NA
4,1,4,TRI9332,resource,1,0,2,2,0,0,0,59.7,80.6,0,0
4,1,4,TRI9332,resource,2,0,3,2,1,2,0,156,108.9,31.3,60
4,1,4,TRI9332,resource,3,1,3,2,3,3,49.4,162.1,154.5,120.5,129.4
4,1,4,TRI9332,resource,4,2,3,3,3,3,86,171.3,161.9,147.8,147.4
4,1,4,TRI9332,resource,5,3,3,3,3,1,150.1,191.2,172.1,164.9,42.8
4,1,4,TRI9332,resource,6,2,4,3,3,3,62.6,226.1,176,164.4,169.8
4,1,4,TRI9332,resource,7,3,4,3,3,2,159.8,225.8,155.3,187,109.7
4,1,4,TRI9332,resource,8,3,4,3,3,3,165.4,238.1,177.5,171.3,185.4
4,1,4,TRI9332,resource,9,3,4,3,3,0,166.5,232.7,158.6,186.6,0
4,1,4,TRI9332,resource,10,3,4,3,3,3,174.6,243.4,191,186,179.9
4,1,4,TRI9332,resource,11,3,4,3,3,1,165.7,190.4,188.6,182.4,40
4,1,4,TRI9332,resource,12,3,3,3,3,3,168.1,197.7,196.1,180.6,165.9
4,1,4,TRI9332,resource,13,3,3,3,3,3,173.8,204.2,180,181.4,165.8
4,1,4,TRI9332,resource,14,3,4,3,3,2,158.1,212.8,181.1,164.4,124.4
4,1,4,TRI9332,resource,15,3,4,3,3,3,145.2,218.1,153.7,171.4,156.2
4,1,4,TRI9332,resource,16,2,2,3,3,2,112.7,117.1,155.6,164.3,115.2
4,1,4,TRI9332,resource,17,2,2,2,2,2,104.6,118.9,124.8,126.8,106.1
4,1,4,TRI9332,resource,18,2,2,2,3,2,104.8,120.4,102.5,143.4,102.5
4,1,4,TRI9332,resource,19,2,2,2,2,2,96.9,108.9,107.5,116.7,98.1
4,1,4,TRI9332,resource,20,2,3,2,2,2,89.4,105.5,103.6,106.5,100.6
4,1,4,TRI9332,resource,21,2,2,2,2,2,75.9,104.8,97.8,97.5,88.1
4,1,4,TRI9332,resource,22,NA,NA,2,1,2,NA,NA,84.9,48,83.8
5,1,5,TRI9433,resource,1,0,0,0,0,0,0,0,0,0,0
5,1,5,TRI9433,resource,2,0,0,0,0,0,0,0,0,0,0
5,1,5,TRI9433,resource,3,3,0,2,0,1,112.9,0,82.5,0,29.4
5,1,5,TRI9433,resource,4,3,2,3,2,2,114.9,81.8,126.6,84.3,78.1
5,1,5,TRI9433,resource,5,3,2,3,3,3,114.8,94.4,138,135,122.8
5,1,5,TRI9433,resource,6,4,3,4,3,3,120.2,137.5,180.3,132.7,125.1
5,1,5,TRI9433,resource,7,4,3,4,3,3,179,116.3,172.6,144.6,135.5
5,1,5,TRI9433,resource,8,4,4,4,3,3,128.2,152.3,192.4,144.1,141.4
5,1,5,TRI9433,resource,9,3,4,4,3,2,157,155.6,187.8,145.9,103
5,1,5,TRI9433,resource,10,4,4,4,3,3,168,181.1,195.7,146.2,146.6
5,1,5,TRI9433,resource,11,2,3,4,4,3,78,156.8,190.8,178.1,138.4
5,1,5,TRI9433,resource,12,3,3,4,2,3,133.3,166.7,191.5,111.9,148.5
5,1,5,TRI9433,resource,13,3,3,1,2,3,147.4,144.9,59.9,107.1,125.2
5,1,5,TRI9433,resource,14,4,4,3,2,3,195.1,194.9,135.2,115.2,150.2
5,1,5,TRI9433,resource,15,3,3,3,3,3,149.9,149.1,146.4,161.4,147.7
5,1,5,TRI9433,resource,16,3,3,3,3,3,155.4,151.7,142.2,156.5,113
5,1,5,TRI9433,resource,17,3,3,4,3,2,142.7,151,173.4,64.1,104.3
5,1,5,TRI9433,resource,18,3,2,3,2,2,63.1,105.4,143,98.6,63.5
5,1,5,TRI9433,resource,19,3,2,3,3,2,137.3,98.5,134.9,135.2,90.5
5,1,5,TRI9433,resource,20,3,2,3,2,1,136.4,94.4,123.4,97.1,51
5,1,5,TRI9433,resource,21,2,2,2,2,2,100.8,86.4,90.9,68.4,92.8
5,1,5,TRI9433,resource,22,2,1,1,1,2,98.1,33.8,37.7,41.9,81.6
5,1,5,TRI9433,resource,23,2,1,1,2,2,93.7,40.1,46.4,76.7,63
5,1,5,TRI9433,resource,24,2,NA,2,1,1,75.1,NA,66.9,28.2,13.5
5,1,5,TRI9433,resource,25,1,NA,NA,NA,NA,44.5,NA,NA,NA,NA
5,1,5,TRI9433,resource,26,2,NA,NA,NA,NA,65.3,NA,NA,NA,NA
6,1,6,TRI11900,resource,1,0,0,0,0,0,0,0,0,0,0
6,1,6,TRI11900,resource,2,2,1,2,2,0,84.1,40.4,80.8,106.4,0
6,1,6,TRI11900,resource,3,2,2,2,3,2,102.9,85.1,28.8,121.3,105.3
6,1,6,TRI11900,resource,4,3,3,3,3,2,159.9,163.3,156.1,174.6,112.1
6,1,6,TRI11900,resource,5,2,3,3,3,2,85,188.8,178.1,174.1,124.6
6,1,6,TRI11900,resource,6,3,2,3,3,3,179.4,134.7,181.4,198.1,183.9
6,1,6,TRI11900,resource,7,3,3,3,3,2,138.4,212,190.8,149,117.9
6,1,6,TRI11900,resource,8,3,3,3,3,3,163.1,207.6,191.7,205.8,192.5
6,1,6,TRI11900,resource,9,3,3,3,3,3,128.9,198.1,192.9,208.5,180.4
6,1,6,TRI11900,resource,10,3,3,3,3,3,179.8,149.3,189,199.2,194.5
6,1,6,TRI11900,resource,11,3,3,3,3,3,178,191,191.6,205.2,146.5
6,1,6,TRI11900,resource,12,3,3,3,3,3,188.6,200.1,175,188.8,189.5
6,1,6,TRI11900,resource,13,3,3,2,3,3,178.1,207.3,128.5,193.1,178.3
6,1,6,TRI11900,resource,14,3,3,2,3,3,181.8,159.7,127.1,192.4,180.4
6,1,6,TRI11900,resource,15,2,3,2,3,3,129,194.8,119.7,149.6,154.7
6,1,6,TRI11900,resource,16,2,3,2,3,3,122.1,169.8,112.4,135.9,127.1
6,1,6,TRI11900,resource,17,2,2,2,2,2,119.5,115.3,99.7,75,118.7
6,1,6,TRI11900,resource,18,2,2,NA,2,2,114.6,117.5,NA,113.3,119
6,1,6,TRI11900,resource,19,2,2,NA,2,1,109.1,126.2,NA,109.9,50.6
6,1,6,TRI11900,resource,20,2,2,NA,NA,2,93,118.5,NA,NA,97.3
6,1,6,TRI11900,resource,21,1,1,NA,NA,NA,44.4,60.3,NA,NA,NA
6,1,6,TRI11900,resource,22,NA,2,NA,NA,NA,NA,100.8,NA,NA,NA
7,1,7,TRI11902,resource,1,0,0,0,0,0,0,0,0,0,0
7,1,7,TRI11902,resource,2,0,2,1,0,0,0,82.9,39.4,0,0
7,1,7,TRI11902,resource,3,3,3,3,2,2,126,146.9,131.2,87,80.1
7,1,7,TRI11902,resource,4,2,4,3,3,3,98.8,152.5,139.7,132,129.8
7,1,7,TRI11902,resource,5,3,4,3,2,3,107.8,164.6,154,102.5,135.9
7,1,7,TRI11902,resource,6,3,4,4,3,3,146,168.9,192.5,144.7,114.6
7,1,7,TRI11902,resource,7,4,3,4,3,3,204.1,142.4,180.6,143.2,159.7
7,1,7,TRI11902,resource,8,3,4,4,4,3,150.4,173,192.8,178.7,135
7,1,7,TRI11902,resource,9,3,3,4,4,3,154.8,142.7,189.5,193.2,154.4
7,1,7,TRI11902,resource,10,4,2,4,4,3,189.5,99.6,191,182.5,152.4
7,1,7,TRI11902,resource,11,4,3,3,4,3,205.1,143.5,144.6,184.2,136.1
7,1,7,TRI11902,resource,12,3,3,4,2,2,157.6,136.6,188,98.8,145
7,1,7,TRI11902,resource,13,3,4,3,3,2,149.6,182.9,156.6,153.3,85.5
7,1,7,TRI11902,resource,14,3,4,3,3,3,132.8,178.1,141.4,159.1,143.6
7,1,7,TRI11902,resource,15,3,4,3,3,3,147.2,182.8,151.6,140.5,140.9
7,1,7,TRI11902,resource,16,3,4,3,3,3,129.3,168,135.5,131,126.7
7,1,7,TRI11902,resource,17,2,2,2,3,3,103.4,82.2,85.2,132.8,120.7
7,1,7,TRI11902,resource,18,2,2,2,2,2,91.9,74.2,90.7,95.5,87.5
7,1,7,TRI11902,resource,19,2,2,2,2,1,91.8,73.4,80.5,91.7,46.5
7,1,7,TRI11902,resource,20,2,2,0,2,2,81.4,63.5,0,84.5,80.6
7,1,7,TRI11902,resource,21,2,NA,2,2,2,77.5,NA,60.7,79.6,69.7
7,1,7,TRI11902,resource,22,2,NA,NA,2,1,62.7,NA,NA,55.9,35.8
7,1,7,TRI11902,resource,23,1,NA,NA,NA,1,16.7,NA,NA,NA,32.1
8,1,8,TRI19498,resource,1,0,0,0,0,0,0,0,0,0,0
8,1,8,TRI19498,resource,2,3,2,2,2,2,71,60.8,69.1,65.4,66.6
8,1,8,TRI19498,resource,3,4,3,3,3,3,110.7,97.3,97.5,117.3,106.1
8,1,8,TRI19498,resource,4,4,4,4,2,3,146.9,123.2,133.9,77,122.9
8,1,8,TRI19498,resource,5,4,3,3,2,3,141.4,114.8,110.3,83.3,115.9
8,1,8,TRI19498,resource,6,4,4,4,4,3,156.2,122.5,153.4,154.3,124
8,1,8,TRI19498,resource,7,3,3,4,3,3,121.3,117.9,145.1,118,124.3
8,1,8,TRI19498,resource,8,4,3,3,3,3,154.4,116,114,135.7,131.9
8,1,8,TRI19498,resource,9,3,3,3,3,3,120.1,105.6,112,120.3,127.9
8,1,8,TRI19498,resource,10,4,3,3,4,3,145.9,102,116.6,161.8,120.8
8,1,8,TRI19498,resource,11,3,3,3,3,3,133.4,115.1,124,125.4,128.3
8,1,8,TRI19498,resource,12,3,3,3,3,3,113.5,115,121.1,127.8,111.9
8,1,8,TRI19498,resource,13,2,3,3,3,3,77.2,104.3,108.9,123.4,82.3
8,1,8,TRI19498,resource,14,3,2,3,3,2,105.7,78.4,104.2,120.5,79.6
8,1,8,TRI19498,resource,15,2,2,2,2,2,77.8,69.3,62.1,79.6,76.8
8,1,8,TRI19498,resource,16,2,2,2,2,2,67.9,72.1,66.9,77.6,77.8
8,1,8,TRI19498,resource,17,3,2,2,1,2,83.6,62.3,61.6,34,61.7
8,1,8,TRI19498,resource,18,2,2,2,2,2,49.9,52.9,53.8,69.7,60.8
8,1,8,TRI19498,resource,19,2,2,2,2,1,46.3,50,48.6,50.1,12.1
8,1,8,TRI19498,resource,20,0,1,1,1,1,0,18.5,23.1,23.8,22.4
8,1,8,TRI19498,resource,21,NA,1,NA,1,1,NA,20.8,NA,29.5,30.8
9,1,9,TRI19517,resource,1,0,0,0,0,0,0,0,0,0,0
9,1,9,TRI19517,resource,2,0,2,0,1,0,0,55.4,0,35.8,0
9,1,9,TRI19517,resource,3,2,3,0,3,1,82.6,119.4,0,132.5,26.8
9,1,9,TRI19517,resource,4,2,3,3,3,3,92.1,143.5,137.2,139.6,107.6
9,1,9,TRI19517,resource,5,3,3,3,3,3,138.3,110,131.8,150.5,121.7
9,1,9,TRI19517,resource,6,3,2,3,3,3,147.5,102.1,140.6,157.3,95.3
9,1,9,TRI19517,resource,7,3,2,3,3,2,135.4,101.3,139.1,151.6,86.5
9,1,9,TRI19517,resource,8,3,2,3,2,3,141.7,106.3,151,99.4,122.8
9,1,9,TRI19517,resource,9,3,1,2,3,2,127.7,57.7,105.8,149.6,80.6
9,1,9,TRI19517,resource,10,3,2,2,2,3,127.5,29.2,109.2,88.6,126.5
9,1,9,TRI19517,resource,11,3,3,3,3,3,133.6,153.4,133.1,148.8,129.6
9,1,9,TRI19517,resource,12,3,3,2,3,2,134.5,129.8,105.4,138.9,77.7
9,1,9,TRI19517,resource,13,2,3,3,3,3,85,156,133.3,104.8,112
9,1,9,TRI19517,resource,14,3,3,2,3,2,129.6,136.1,56.1,137.9,84.8
9,1,9,TRI19517,resource,15,3,3,2,3,2,127.2,151.7,95.9,115.6,79.3
9,1,9,TRI19517,resource,16,3,3,2,3,3,92.8,111.1,97.4,112.4,114.7
9,1,9,TRI19517,resource,17,3,3,2,2,2,126.9,138.5,92,86.3,80.9
9,1,9,TRI19517,resource,18,2,2,1,2,3,88.3,98.5,48.5,94.5,119.4
9,1,9,TRI19517,resource,19,2,3,2,2,2,85.7,138.3,93.5,98.3,77.2
9,1,9,TRI19517,resource,20,2,3,1,2,2,86.3,132.4,44.3,96.5,73.6
9,1,9,TRI19517,resource,21,2,2,2,2,2,79.5,98.7,85.8,98.8,58.5
9,1,9,TRI19517,resource,22,2,2,2,2,1,78.1,86.4,84.4,93.9,32.5
9,1,9,TRI19517,resource,23,2,2,2,2,2,77.5,93.6,73,88.8,65.9
9,1,9,TRI19517,resource,24,2,2,2,2,1,68.1,76.6,79.2,85.6,35.5
9,1,9,TRI19517,resource,25,1,2,1,1,1,34.9,70.2,42.7,45,27.9
9,1,9,TRI19517,resource,26,1,1,1,2,1,29.7,36.3,34.7,69,26
10,1,10,TRI29589,resource,1,0,0,0,0,0,0,0,0,0,0
10,1,10,TRI29589,resource,2,0,0,2,0,0,0,0,57,0,0
10,1,10,TRI29589,resource,3,1,2,3,2,2,16.4,80.3,138.3,81.7,90.3
10,1,10,TRI29589,resource,4,4,3,3,1,3,193.7,136.5,125.6,49.3,84.3
10,1,10,TRI29589,resource,5,4,3,3,2,3,197,147.2,155,108.1,142.4
10,1,10,TRI29589,resource,6,4,2,3,4,3,194.7,96.8,159.8,172.3,155.3
10,1,10,TRI29589,resource,7,4,4,4,4,3,159.3,199.7,206.6,196.9,183.4
10,1,10,TRI29589,resource,8,4,3,4,3,3,188.2,145.7,204.4,149.5,160
10,1,10,TRI29589,resource,9,4,4,4,3,3,210.4,212.3,208.2,166.9,157.9
10,1,10,TRI29589,resource,10,3,3,4,3,4,159,117.9,194.8,161.7,184.2
10,1,10,TRI29589,resource,11,3,3,4,3,4,143.6,141.2,188.2,159.8,200.2
10,1,10,TRI29589,resource,12,3,4,4,3,3,109.8,175.8,174.2,143.7,157.5
10,1,10,TRI29589,resource,13,3,4,2,3,3,102.2,184.7,102.8,134.3,154.2
10,1,10,TRI29589,resource,14,2,2,3,2,3,101.7,80,136,93.4,131.7
10,1,10,TRI29589,resource,15,1,3,2,2,3,44.3,148.5,82.6,81.4,128.4
10,1,10,TRI29589,resource,16,1,2,2,2,3,45.1,96,82.5,90.2,122.9
10,1,10,TRI29589,resource,17,NA,3,2,2,2,NA,127.9,91.3,66.5,92.2
10,1,10,TRI29589,resource,18,NA,1,NA,2,1,NA,43.8,NA,68.9,27.3
10,1,10,TRI29589,resource,19,NA,2,NA,NA,NA,NA,83.3,NA,NA,NA
11,1,11,Glaucus,elite,1,0,0,0,0,0,0,0,0,0,0
11,1,11,Glaucus,elite,2,4,2,1,0,0,139.5,101.3,42.7,0,0
11,1,11,Glaucus,elite,3,4,2,3,3,2,133.3,121,73.8,134.5,108.6
11,1,11,Glaucus,elite,4,4,3,4,3,3,171.9,151.2,196.8,168.1,155.1
11,1,11,Glaucus,elite,5,5,4,3,3,2,198.2,191.7,160.9,162.2,120.7
11,1,11,Glaucus,elite,6,4,4,3,3,2,171.3,176.2,159.4,177.4,125.1
11,1,11,Glaucus,elite,7,3,3,4,4,3,143.4,170.5,200.9,235.2,155.7
11,1,11,Glaucus,elite,8,4,4,4,3,3,186.8,178,187.8,183.5,154.4
11,1,11,Glaucus,elite,9,4,4,4,3,3,169,169,189.6,184.7,154.3
11,1,11,Glaucus,elite,10,4,5,4,4,3,184.2,230.1,213,212.9,152.4
11,1,11,Glaucus,elite,11,3,4,4,3,3,135.1,196,181.1,177.8,157.7
11,1,11,Glaucus,elite,12,5,4,3,3,3,232.9,193.1,127.3,186,158.4
11,1,11,Glaucus,elite,13,4,4,3,6,3,175,184.4,166.6,335.1,149.8
11,1,11,Glaucus,elite,14,4,3,3,3,3,161.7,179,164.9,170.7,153.3
11,1,11,Glaucus,elite,15,3,3,3,3,3,133.1,168.9,165.2,152.3,145.7
11,1,11,Glaucus,elite,16,3,3,3,3,2,120.1,160.6,133.6,161.6,111.3
11,1,11,Glaucus,elite,17,3,3,3,2,2,125.5,153.9,132.8,116.3,105.6
11,1,11,Glaucus,elite,18,3,3,3,2,2,130.5,136.1,161.7,94.2,107.2
11,1,11,Glaucus,elite,19,3,3,3,2,2,112.1,133.7,125.2,96,86
11,1,11,Glaucus,elite,20,3,2,2,2,2,102.5,101.7,98.8,75.3,82.3
11,1,11,Glaucus,elite,21,2,2,2,NA,1,67.6,94.7,88.7,NA,42.7
11,1,11,Glaucus,elite,22,2,2,2,NA,NA,75.9,86.2,78.1,NA,NA
11,1,11,Glaucus,elite,23,2,NA,NA,NA,NA,62.9,NA,NA,NA,NA
12,1,12,Estica,elite,1,0,0,0,0,0,0,0,0,0,0
12,1,12,Estica,elite,2,2,0,0,0,0,55.2,0,0,0,0
12,1,12,Estica,elite,3,3,2,2,3,3,130.2,70.1,77.3,128.2,142.1
12,1,12,Estica,elite,4,3,2,3,3,3,151.7,72.1,109.2,151.7,149.9
12,1,12,Estica,elite,5,4,3,3,3,3,167.5,146.7,128.7,127.3,158.7
12,1,12,Estica,elite,6,4,3,3,3,4,171.7,155.2,131.8,162.3,186
12,1,12,Estica,elite,7,4,3,3,3,4,184.7,163.9,140.1,178.2,201.4
12,1,12,Estica,elite,8,4,2,3,2,4,166.1,97.4,152.2,64.7,192.6
12,1,12,Estica,elite,9,4,3,3,3,4,156.9,164.8,156.8,152.2,200.6
12,1,12,Estica,elite,10,4,4,3,3,4,221.1,170.8,157,162.4,190.1
12,1,12,Estica,elite,11,3,4,4,4,4,176.3,198.4,174.6,199.5,209.4
12,1,12,Estica,elite,12,4,3,3,4,4,192,172.5,158.9,190.4,212.1
12,1,12,Estica,elite,13,3,3,3,4,4,171.9,178,164.3,190.1,187.3
12,1,12,Estica,elite,14,3,3,3,4,3,157.1,155.1,150.9,187.4,165.5
12,1,12,Estica,elite,15,3,2,3,3,3,151.8,101.6,149.3,162.7,164.5
12,1,12,Estica,elite,16,3,3,3,2,3,141.5,159.1,139.8,98.5,147.2
12,1,12,Estica,elite,17,2,3,3,3,3,86.4,152.9,122.9,143.7,135.5
12,1,12,Estica,elite,18,2,3,2,3,3,94.7,129.6,71.3,133.6,129.2
12,1,12,Estica,elite,19,2,2,2,3,2,83.6,101.8,88.7,121.4,98.8
12,1,12,Estica,elite,20,2,2,2,2,2,77.3,91.9,85.1,54,73.8
12,1,12,Estica,elite,21,2,1,1,2,NA,48.9,43.6,44.3,64.3,NA
12,1,12,Estica,elite,22,0,2,2,NA,NA,0,75.5,65.7,NA,NA
12,1,12,Estica,elite,23,NA,0,1,NA,NA,NA,0,35.7,NA,NA
13,1,13,Rialto,elite,1,0,0,0,0,0,0,0,0,0,0
13,1,13,Rialto,elite,2,0,0,0,3,1,0,0,0,125.2,48.7
13,1,13,Rialto,elite,3,2,2,1,4,2,110.8,103.5,34.2,170.1,112.7
13,1,13,Rialto,elite,4,3,4,3,4,3,151.4,185.6,147.8,210.6,149.9
13,1,13,Rialto,elite,5,4,4,4,3,5,193.7,194.3,196.2,173.4,234.9
13,1,13,Rialto,elite,6,4,4,5,4,4,193.6,203.8,243.9,227.6,223.8
13,1,13,Rialto,elite,7,6,4,5,6,4,281.4,220.2,200.8,230.3,242.1
13,1,13,Rialto,elite,8,4,6,4,8,3,219.6,326.6,228.6,351.6,172.9
13,1,13,Rialto,elite,9,3,6,4,6,5,182.2,317.7,225.1,305.7,286.3
13,1,13,Rialto,elite,10,4,6,5,6,4,237.1,300.1,260.9,278.3,236.4
13,1,13,Rialto,elite,11,4,6,5,5,4,245.3,263.5,287.2,244.1,242.8
13,1,13,Rialto,elite,12,4,6,5,6,4,226.8,326.2,216.9,295.5,192.7
13,1,13,Rialto,elite,13,3,3,5,4,4,174.7,181.7,242.2,185.2,215.1
13,1,13,Rialto,elite,14,3,4,3,4,3,139.2,215.9,159.2,201.4,173.4
13,1,13,Rialto,elite,15,4,4,3,4,4,196.5,202.6,117.4,215.6,213.3
13,1,13,Rialto,elite,16,3,3,2,4,6,125,161.7,105.6,212.3,334.9
13,1,13,Rialto,elite,17,4,4,3,4,4,199.1,177.8,146.8,194.8,194.5
13,1,13,Rialto,elite,18,3,3,3,4,2,149.7,136.1,147.4,181.2,107.8
13,1,13,Rialto,elite,19,3,3,3,3,3,149.5,125.6,133.9,143.6,161.8
13,1,13,Rialto,elite,20,3,2,3,3,3,114.6,98.2,129,148.5,137.6
13,1,13,Rialto,elite,21,3,2,2,3,3,120.2,91.5,90.3,135.6,127.3
13,1,13,Rialto,elite,22,2,1,2,3,2,83.6,43.1,84.5,98.8,91.9
13,1,13,Rialto,elite,23,2,2,2,3,1,83.8,82.6,81.3,113.1,46.6
13,1,13,Rialto,elite,24,NA,NA,NA,1,1,NA,NA,NA,49.8,43.4
13,1,13,Rialto,elite,25,NA,NA,NA,2,NA,NA,NA,NA,85.9,NA
14,1,14,SWSkotte,elite,1,0,0,2,0,0,0,0,64.8,0,0
14,1,14,SWSkotte,elite,2,3,0,4,0,0,83.7,0,154.1,0,0
14,1,14,SWSkotte,elite,3,4,3,4,0,2,161.2,106.2,186.3,0,99.2
14,1,14,SWSkotte,elite,4,4,3,4,3,3,162.3,118.7,187.1,101.5,123.5
14,1,14,SWSkotte,elite,5,4,4,5,3,4,176.6,152.3,237.9,138.5,144.9
14,1,14,SWSkotte,elite,6,5,3,4,4,3,194.5,104.9,203.6,152.3,153.3
14,1,14,SWSkotte,elite,7,5,4,5,3,4,199,173.5,229.8,120.2,211.8
14,1,14,SWSkotte,elite,8,5,4,5,4,3,192.7,130.9,250.3,176.2,172.1
14,1,14,SWSkotte,elite,9,5,5,5,4,4,218.7,193.3,225.6,170.4,212
14,1,14,SWSkotte,elite,10,4,4,5,3,3,182.8,165.4,223.8,134.9,168.3
14,1,14,SWSkotte,elite,11,4,4,5,4,2,196.4,168.1,244.9,156.8,124.1
14,1,14,SWSkotte,elite,12,4,4,4,4,3,190.3,170.1,201.7,171.5,154.1
14,1,14,SWSkotte,elite,13,4,3,4,4,3,187.4,135.5,192.3,142.1,165.8
14,1,14,SWSkotte,elite,14,4,4,4,4,3,196.1,154.2,184,142.8,175.8
14,1,14,SWSkotte,elite,15,3,3,4,3,3,138.6,129.7,196.6,122.6,173.9
14,1,14,SWSkotte,elite,16,2,3,3,3,3,106.6,121.6,156,120.5,163.3
14,1,14,SWSkotte,elite,17,3,3,3,3,4,145.1,116.1,156.9,117,178.8
14,1,14,SWSkotte,elite,18,3,3,3,3,3,132.9,103.5,151,110.2,150.5
14,1,14,SWSkotte,elite,19,3,2,3,3,2,131.4,84.5,151,93.6,110.4
14,1,14,SWSkotte,elite,20,3,2,3,2,2,116.9,78.5,122.9,77.7,90.5
14,1,14,SWSkotte,elite,21,2,2,3,2,3,86.3,66.8,101.8,68.8,118.2
14,1,14,SWSkotte,elite,22,2,2,2,1,0,78.2,62.7,76,38.7,0
14,1,14,SWSkotte,elite,23,2,1,NA,2,1,50.2,34.9,NA,57.7,42.3
14,1,14,SWSkotte,elite,24,2,NA,NA,NA,1,58.7,NA,NA,NA,39.9
14,1,14,SWSkotte,elite,25,NA,NA,NA,NA,1,NA,NA,NA,NA,30.8
15,1,15,Alchemy,elite,1,1,0,0,0,0,40.8,0,0,0,0
15,1,15,Alchemy,elite,2,4,2,0,3,0,130.1,103.3,0,163,0
15,1,15,Alchemy,elite,3,4,3,3,4,2,97.7,173.2,161,245.9,54
15,1,15,Alchemy,elite,4,4,3,3,3,3,194.1,170.8,173.8,174.7,184.9
15,1,15,Alchemy,elite,5,4,3,3,4,4,177.3,168.1,183.6,261,161
15,1,15,Alchemy,elite,6,4,4,4,4,4,223,207.7,209.5,222.3,225.2
15,1,15,Alchemy,elite,7,4,4,4,4,4,217.5,204.4,217,260.8,214.5
15,1,15,Alchemy,elite,8,4,4,3,3,4,212.9,202.2,192.7,194,221.1
15,1,15,Alchemy,elite,9,5,4,4,4,4,223.5,178.3,205.2,260.7,220.2
15,1,15,Alchemy,elite,10,4,3,3,5,4,211.5,185.8,182.7,269.9,199.4
15,1,15,Alchemy,elite,11,4,4,3,4,4,221.8,203.3,180.9,243.2,206.7
15,1,15,Alchemy,elite,12,4,4,4,4,3,198.2,192,210.8,129.5,167.9
15,1,15,Alchemy,elite,13,4,4,4,4,4,206.8,200.5,194,128.8,171
15,1,15,Alchemy,elite,14,4,3,3,4,3,191.6,153.9,182.9,115.5,135.1
15,1,15,Alchemy,elite,15,3,3,3,4,3,141.4,111,169.4,111.2,153.1
15,1,15,Alchemy,elite,16,4,3,3,4,3,166.6,108.1,170.5,116.5,153.4
15,1,15,Alchemy,elite,17,4,2,3,3,3,165.2,82.4,154.3,90.2,118
15,1,15,Alchemy,elite,18,3,3,3,3,3,120.3,107,139.3,97.9,114.5
15,1,15,Alchemy,elite,19,2,3,3,3,2,98,104.3,133.6,82,95.6
15,1,15,Alchemy,elite,20,2,0,3,3,1,97.9,0,122.5,83.7,48.8
15,1,15,Alchemy,elite,21,3,2,2,3,2,114.5,71.2,88.1,67,86.2
15,1,15,Alchemy,elite,22,2,1,2,3,1,89.6,32.2,71.5,70.5,24.1
15,1,15,Alchemy,elite,23,1,2,0,2,2,39.5,62.7,0,46.1,60.4
15,1,15,Alchemy,elite,24,2,2,1,2,1,54.1,59.1,33.2,48.2,37.6
16,1,16,Hanseat,elite,1,0,0,0,0,0,0,0,0,0,0
16,1,16,Hanseat,elite,2,0,0,0,2,0,0,0,0,99.9,0
16,1,16,Hanseat,elite,3,2,2,2,2,2,102.7,97.3,101.8,106.8,69.1
16,1,16,Hanseat,elite,4,3,4,2,3,2,138.7,190.4,114.3,164.9,119.4
16,1,16,Hanseat,elite,5,2,2,3,4,3,131.1,98.4,165.1,207.9,143.9
16,1,16,Hanseat,elite,6,3,3,3,4,5,173,168.8,164.2,217,256
16,1,16,Hanseat,elite,7,3,3,4,4,4,179.6,156.7,227.4,197.6,221.1
16,1,16,Hanseat,elite,8,4,4,4,6,4,206.1,228.9,220,309,216.4
16,1,16,Hanseat,elite,9,3,4,4,5,4,182.9,197.5,229.9,288.2,223.1
16,1,16,Hanseat,elite,10,3,4,4,4,6,175.4,194.5,227.2,230.2,280.6
16,1,16,Hanseat,elite,11,3,2,4,2,4,165,101.1,230.6,119.7,199.2
16,1,16,Hanseat,elite,12,3,3,3,4,4,180.6,167.9,188.9,226.2,199.3
16,1,16,Hanseat,elite,13,3,4,4,4,4,177.4,203.5,225.7,221,196.5
16,1,16,Hanseat,elite,14,2,4,3,4,3,116.9,187.4,151.6,206.9,155.7
16,1,16,Hanseat,elite,15,3,2,4,4,3,163.3,88.1,216.5,217.5,132.3
16,1,16,Hanseat,elite,16,3,4,2,4,3,153.2,193.3,120.6,192.6,146.3
16,1,16,Hanseat,elite,17,3,2,3,3,3,151.2,111.1,136.9,165.8,122.2
16,1,16,Hanseat,elite,18,2,3,3,2,2,92.4,154.9,148.4,108,73.4
16,1,16,Hanseat,elite,19,2,3,2,2,2,106,123.8,106.9,115,87.8
16,1,16,Hanseat,elite,20,2,2,1,2,2,101.1,93.2,53.4,80.4,84.2
16,1,16,Hanseat,elite,21,1,3,2,2,NA,37.4,118.7,98.9,96.5,NA
16,1,16,Hanseat,elite,22,NA,2,NA,2,NA,NA,91.5,NA,91.1,NA
16,1,16,Hanseat,elite,23,NA,2,NA,NA,NA,NA,85,NA,NA,NA
17,1,17,Haven,elite,1,0,0,3,0,3,0,0,149.3,0,155.2
17,1,17,Haven,elite,2,0,0,3,0,5,0,0,165.1,0,259.1
17,1,17,Haven,elite,3,0,0,3,3,5,0,0,152.4,126.8,297.4
17,1,17,Haven,elite,4,2,2,4,3,4,98.1,104.9,229.2,147.8,207.4
17,1,17,Haven,elite,5,2,3,5,4,4,113.8,162.7,316.3,185.6,266.1
17,1,17,Haven,elite,6,4,3,5,4,5,183.5,165,292.8,225.3,271.6
17,1,17,Haven,elite,7,3,3,5,4,4,178.8,176.9,319,226.8,279
17,1,17,Haven,elite,8,4,3,3,3,6,205.5,173.4,172.9,158.8,359
17,1,17,Haven,elite,9,2,2,4,4,4,115.5,121.2,264,258.9,267.4
17,1,17,Haven,elite,10,3,3,5,3,6,184.4,182.2,295.6,192.2,359.5
17,1,17,Haven,elite,11,2,1,5,4,4,130.2,67.3,295.3,262.2,277
17,1,17,Haven,elite,12,2,3,4,4,5,134.6,187.9,154.8,258.7,287.9
17,1,17,Haven,elite,13,4,3,5,3,5,219.1,192.1,303.5,208,288.3
17,1,17,Haven,elite,14,4,2,4,2,4,223,131.5,214.5,126.2,250.6
17,1,17,Haven,elite,15,4,2,2,2,4,209.1,65,99.5,133.3,147.3
17,1,17,Haven,elite,16,4,3,4,3,4,204.1,174.5,172.2,190.2,141.3
17,1,17,Haven,elite,17,2,3,3,3,2,126,170.5,154.2,164.4,58.9
17,1,17,Haven,elite,18,2,2,4,3,3,67.9,114.5,190.3,172.6,86.7
17,1,17,Haven,elite,19,3,2,4,4,3,144.3,92.1,181.8,196,93.7
17,1,17,Haven,elite,20,3,1,4,2,4,128.8,55.7,203.1,110.7,127
17,1,17,Haven,elite,21,1,1,2,3,3,51.1,53.3,97.3,158.8,95.6
17,1,17,Haven,elite,22,NA,NA,2,2,4,NA,NA,103.2,94.8,96.2
17,1,17,Haven,elite,23,NA,NA,2,2,3,NA,NA,80.8,96.6,79.8
17,1,17,Haven,elite,24,NA,NA,2,2,3,NA,NA,75.9,101,72
17,1,17,Haven,elite,25,NA,NA,2,NA,2,NA,NA,57.5,NA,54.5
18,1,18,Banderola,elite,1,0,0,0,2,0,0,0,0,101.8,0
18,1,18,Banderola,elite,2,1,0,0,2,0,55,0,0,122.8,0
18,1,18,Banderola,elite,3,3,1,1,4,2,166.4,71.9,62,221.9,122.7
18,1,18,Banderola,elite,4,3,2,2,3,3,178.3,77.5,119.3,160.5,170.1
18,1,18,Banderola,elite,5,3,4,3,4,3,196.8,221.4,170,241.1,185.8
18,1,18,Banderola,elite,6,3,2,5,4,3,190.4,112.4,248.8,237.9,163.9
18,1,18,Banderola,elite,7,3,3,3,5,4,204.7,193.1,193.2,294.7,223.7
18,1,18,Banderola,elite,8,3,3,3,5,4,200.4,169.9,179.7,274,221.4
18,1,18,Banderola,elite,9,3,4,3,4,4,179.9,254.9,151,222.8,227.8
18,1,18,Banderola,elite,10,3,1,3,5,4,196.3,73.6,184.2,240.2,215.3
18,1,18,Banderola,elite,11,3,1,3,3,2,193.9,66.4,147.5,201.4,133.6
18,1,18,Banderola,elite,12,4,3,3,3,4,224.9,184.7,183.5,175.1,221.4
18,1,18,Banderola,elite,13,2,2,3,3,3,146.8,121.1,188.4,146,154
18,1,18,Banderola,elite,14,3,2,3,4,4,177.2,122.3,177.4,223.1,182.6
18,1,18,Banderola,elite,15,3,3,3,4,3,175.6,166.4,161.1,217.9,146.6
18,1,18,Banderola,elite,16,4,2,2,4,3,227,100.6,118.9,183.8,152.5
18,1,18,Banderola,elite,17,4,3,2,2,3,216.2,171.2,97.3,110.9,158.6
18,1,18,Banderola,elite,18,2,3,3,3,2,114,125.4,111.7,141.2,104.1
18,1,18,Banderola,elite,19,1,2,2,3,3,63.7,111.3,108,134.9,126.6
18,1,18,Banderola,elite,20,2,1,2,2,1,93.1,33.6,94.8,84.2,53.3
18,1,18,Banderola,elite,21,2,2,1,3,NA,87.5,86.1,42.6,94.7,NA
18,1,18,Banderola,elite,22,NA,1,NA,NA,NA,NA,39.5,NA,NA,NA
19,1,19,Ostroga,elite,1,0,0,0,0,0,0,0,0,0,0
19,1,19,Ostroga,elite,2,1,0,0,0,0,46,0,0,0,0
19,1,19,Ostroga,elite,3,3,0,3,3,0,159.8,0,154.5,173.1,0
19,1,19,Ostroga,elite,4,3,0,3,3,2,168.4,0,169.1,183.7,99.8
19,1,19,Ostroga,elite,5,4,0,3,4,3,205.4,0,183.1,222.4,156.4
19,1,19,Ostroga,elite,6,4,2,4,4,3,201.4,106.9,218.8,234.2,158.8
19,1,19,Ostroga,elite,7,4,2,3,4,3,234.2,123.3,194.1,254.2,173.4
19,1,19,Ostroga,elite,8,4,3,4,3,3,169,166.5,221.5,178.9,164.2
19,1,19,Ostroga,elite,9,4,3,4,3,3,231.1,165.4,224.9,180.1,182.6
19,1,19,Ostroga,elite,10,3,3,4,4,2,183.6,170.3,216.6,212.9,123.2
19,1,19,Ostroga,elite,11,3,3,3,4,2,184.1,179,169.6,238.4,121.3
19,1,19,Ostroga,elite,12,4,3,4,3,3,233.4,167.2,215,187,173.6
19,1,19,Ostroga,elite,13,4,3,3,3,3,205.3,161.5,182.3,179.5,168.4
19,1,19,Ostroga,elite,14,3,3,3,3,3,183.5,161.8,180.9,179.6,153.3
19,1,19,Ostroga,elite,15,3,3,3,3,3,173,132.8,176.6,169.3,150.9
19,1,19,Ostroga,elite,16,3,2,3,2,3,120.4,92.3,164.4,120.8,153.5
19,1,19,Ostroga,elite,17,3,2,2,2,2,179.7,106.5,94.3,104.6,102
19,1,19,Ostroga,elite,18,3,2,3,2,2,118.1,97.3,136.9,106.9,89.5
19,1,19,Ostroga,elite,19,1,2,2,2,2,51.9,93.3,92.8,100.4,82.6
19,1,19,Ostroga,elite,20,2,2,2,NA,2,96.1,84,91.2,NA,82.3
19,1,19,Ostroga,elite,21,NA,1,NA,NA,NA,NA,46.6,NA,NA,NA
20,1,20,Kleber,elite,1,0,0,2,0,2,0,0,84.3,0,77.7
20,1,20,Kleber,elite,2,1,2,3,3,3,41.2,74,134.3,127,104.7
20,1,20,Kleber,elite,3,3,3,4,3,4,146.6,154.2,201.5,164.9,198.4
20,1,20,Kleber,elite,4,3,4,4,3,4,163.5,179.3,220.5,148.7,201.1
20,1,20,Kleber,elite,5,4,4,4,3,3,202,214.6,224.2,170.8,152.7
20,1,20,Kleber,elite,6,4,4,4,3,5,209.1,223.8,222.7,169.3,184
20,1,20,Kleber,elite,7,4,4,4,4,4,215.7,224.5,238.2,162.8,234.2
20,1,20,Kleber,elite,8,4,4,4,4,4,229.2,208.7,240.8,215.2,231.4
20,1,20,Kleber,elite,9,4,4,4,3,5,216.3,205.6,238.6,182,277.6
20,1,20,Kleber,elite,10,4,4,1,4,5,230.8,215.3,51.1,222.2,240.2
20,1,20,Kleber,elite,11,4,4,4,4,5,232.9,235.9,243.9,241.8,288.1
20,1,20,Kleber,elite,12,4,4,3,4,3,231.6,214.5,189.1,223.9,182.1
20,1,20,Kleber,elite,13,3,4,4,3,4,162.6,215.6,227.3,144.5,225.4
20,1,20,Kleber,elite,14,4,4,4,3,3,221.7,202.9,223.7,153.2,161.9
20,1,20,Kleber,elite,15,4,3,4,3,2,207.1,148.8,198.8,129.2,81.1
20,1,20,Kleber,elite,16,3,4,3,3,3,166.6,192.6,156.7,152.5,137.5
20,1,20,Kleber,elite,17,3,4,3,4,1,152.3,179.4,162.6,206.2,30.6
20,1,20,Kleber,elite,18,3,3,3,3,3,147.2,142.8,151.6,144.6,102.9
20,1,20,Kleber,elite,19,2,3,3,3,1,101.2,137.2,139.8,158.1,58.6
20,1,20,Kleber,elite,20,3,2,3,3,3,120.1,96.3,90.5,137.9,134.2
20,1,20,Kleber,elite,21,1,2,2,2,2,38.8,80,81.4,94.3,90.1
20,1,20,Kleber,elite,22,NA,NA,NA,2,2,NA,NA,NA,85.2,87.5
21,2,21,Philius,elite,1,2,0,0,2,4,78.7,0,0,53.1,140.5
21,2,21,Philius,elite,2,4,0,0,4,3,155.9,0,0,192.6,148.9
21,2,21,Philius,elite,3,4,3,2,3,5,196.5,136.1,79.2,157.3,216.9
21,2,21,Philius,elite,4,5,3,3,5,5,246.2,136.3,123.3,270.7,238.2
21,2,21,Philius,elite,5,4,4,3,4,4,237.9,179,136.4,243.4,219.3
21,2,21,Philius,elite,6,4,4,3,5,5,249.8,195,157.3,284.7,272.2
21,2,21,Philius,elite,7,4,4,4,5,5,220,199.7,174.4,274.7,261.5
21,2,21,Philius,elite,8,5,4,4,5,5,298,205.4,193.5,295.7,272.4
21,2,21,Philius,elite,9,4,4,4,5,5,265.3,212.9,197.9,276.9,214.5
21,2,21,Philius,elite,10,5,4,4,5,5,279.9,210.3,197.4,308.6,283
21,2,21,Philius,elite,11,4,4,4,4,5,256.5,211.4,183.5,208.4,204.2
21,2,21,Philius,elite,12,4,4,3,4,4,235,222.8,165,206.7,233.2
21,2,21,Philius,elite,13,4,4,3,3,3,242.9,217,148.4,153.3,179.5
21,2,21,Philius,elite,14,4,2,3,5,4,226.8,131.3,156.1,265,222.6
21,2,21,Philius,elite,15,4,2,3,5,4,227.9,110,145.1,241.1,209.5
21,2,21,Philius,elite,16,4,3,3,4,2,212.6,159,131.6,213.2,110.5
21,2,21,Philius,elite,17,2,3,2,3,4,115.1,158.9,91.5,151.8,196.5
21,2,21,Philius,elite,18,3,2,3,1,4,152.5,106.2,116.5,54.1,166.3
21,2,21,Philius,elite,19,2,3,2,0,2,90.6,133,88.4,0,91.2
21,2,21,Philius,elite,20,3,2,2,1,3,129.6,89.9,82.6,50.8,142.1
21,2,21,Philius,elite,21,3,3,2,2,3,131.2,105.4,66.8,85.6,126.9
21,2,21,Philius,elite,22,3,2,1,3,2,106.3,62.6,42.9,102.9,75.8
21,2,21,Philius,elite,23,2,NA,NA,1,2,56.2,NA,NA,47.7,77.9
22,2,22,Cordiale,elite,1,0,2,0,0,0,0,98.9,0,0,0
22,2,22,Cordiale,elite,2,1,3,2,0,2,42.9,159.4,86.7,0,72.7
22,2,22,Cordiale,elite,3,2,3,3,2,3,108.8,171,131.3,90.6,98.9
22,2,22,Cordiale,elite,4,3,4,3,2,2,151.2,207.1,169.2,109.1,101.9
22,2,22,Cordiale,elite,5,4,3,3,4,3,162.7,112.6,173.9,162.9,129.9
22,2,22,Cordiale,elite,6,5,5,4,4,4,234.3,233.8,175.2,145.3,194.7
22,2,22,Cordiale,elite,7,3,5,4,5,4,149.1,257.2,210.9,186.9,200.7
22,2,22,Cordiale,elite,8,5,4,5,4,3,246,210.7,240.8,149,165.7
22,2,22,Cordiale,elite,9,3,3,4,4,7,162.6,160.9,213.8,179.4,302.2
22,2,22,Cordiale,elite,10,5,4,3,5,5,258.8,215.1,182.4,225.3,216.5
22,2,22,Cordiale,elite,11,5,5,4,3,6,240.1,202,222.8,149.8,257.8
22,2,22,Cordiale,elite,12,5,5,4,4,6,233,194,206.2,180,293.7
22,2,22,Cordiale,elite,13,3,5,3,3,6,156.9,215.6,126.4,152.8,242.8
22,2,22,Cordiale,elite,14,3,4,4,3,4,148.6,197.8,192,122.7,196.7
22,2,22,Cordiale,elite,15,3,5,4,2,4,143.3,220.2,197.1,99.1,176.5
22,2,22,Cordiale,elite,16,3,4,3,2,3,130.1,161.3,143.6,69.3,155.3
22,2,22,Cordiale,elite,17,3,4,3,1,4,120.1,132.2,122.6,37.1,162.2
22,2,22,Cordiale,elite,18,3,3,3,2,3,104.8,137.9,134.5,90.7,141.1
22,2,22,Cordiale,elite,19,2,1,3,1,3,81.4,46,125.6,47.9,127.1
22,2,22,Cordiale,elite,20,NA,3,2,NA,3,NA,131.2,94.6,NA,127.3
22,2,22,Cordiale,elite,21,NA,2,NA,NA,2,NA,56.2,NA,NA,90.1
22,2,22,Cordiale,elite,22,NA,NA,NA,NA,3,NA,NA,NA,NA,90.5
23,2,23,TRI23279,resource,1,2,0,0,1,2,49.3,0,0,39.7,71.5
23,2,23,TRI23279,resource,2,3,0,2,0,1,161.8,0,100.1,0,49.7
23,2,23,TRI23279,resource,3,3,1,3,3,3,142.5,53.6,156.4,122.4,114.4
23,2,23,TRI23279,resource,4,3,3,3,3,3,170.2,133.3,155.7,139.2,167.7
23,2,23,TRI23279,resource,5,3,3,3,4,3,167.7,159.9,177.5,232.5,164.6
23,2,23,TRI23279,resource,6,3,3,3,5,3,137.4,158.3,152,289.4,175.2
23,2,23,TRI23279,resource,7,3,3,3,4,3,177.8,170.6,166.2,209.5,190.1
23,2,23,TRI23279,resource,8,3,4,3,5,3,179.8,194.8,137.2,306.8,179.5
23,2,23,TRI23279,resource,9,3,3,3,5,3,184.8,185.3,181.1,241.6,190
23,2,23,TRI23279,resource,10,3,3,3,5,3,179.9,169.5,172.1,300.5,174.7
23,2,23,TRI23279,resource,11,3,4,3,5,2,152.1,226.5,177.2,299.6,80.1
23,2,23,TRI23279,resource,12,3,4,3,4,3,183.9,207.6,157.4,197.5,166.6
23,2,23,TRI23279,resource,13,3,3,3,2,3,162.5,179.4,158.5,98.7,166
23,2,23,TRI23279,resource,14,3,3,3,3,3,168.5,167.2,145.6,142.5,152.2
23,2,23,TRI23279,resource,15,3,3,3,4,2,145.7,152.8,152,214.8,111.8
23,2,23,TRI23279,resource,16,2,3,3,3,2,109.5,153.3,121.5,173.3,109.5
23,2,23,TRI23279,resource,17,2,3,2,3,2,93.3,145.3,65.4,167.7,98.9
23,2,23,TRI23279,resource,18,2,3,3,4,1,106.4,126.3,117.8,176.1,48.1
23,2,23,TRI23279,resource,19,1,1,1,1,2,53.7,53.7,51.9,51,80.3
23,2,23,TRI23279,resource,20,1,1,1,2,NA,50.2,49.2,44.3,92.9,NA
23,2,23,TRI23279,resource,21,1,2,1,NA,NA,54.4,94.4,41.8,NA,NA
24,2,24,Sobi,elite,1,0,0,0,2,0,0,0,0,81.5,0
24,2,24,Sobi,elite,2,2,3,0,3,1,95.1,148.8,0,145.9,49.1
24,2,24,Sobi,elite,3,3,4,2,4,3,151.7,193.1,122.7,197.3,152.4
24,2,24,Sobi,elite,4,3,4,3,4,3,172.6,198.4,180.7,201.3,156.7
24,2,24,Sobi,elite,5,3,4,4,4,3,159.7,220.5,209.3,216,150.5
24,2,24,Sobi,elite,6,4,3,3,3,4,196.9,158.1,190.8,153.7,221.4
24,2,24,Sobi,elite,7,4,3,4,3,4,225,170.7,233.2,142,228.3
24,2,24,Sobi,elite,8,3,4,4,4,4,182.9,181.8,246.8,206.4,237.2
24,2,24,Sobi,elite,9,4,6,4,5,2,226,319.4,228.4,245.5,140
24,2,24,Sobi,elite,10,4,6,3,4,4,239.6,309.7,197.1,213.3,228.4
24,2,24,Sobi,elite,11,4,5,4,3,4,229.7,262.5,216.6,153.3,229.2
24,2,24,Sobi,elite,12,4,4,4,4,4,193.4,224.9,210.1,208.9,213.5
24,2,24,Sobi,elite,13,3,4,3,4,3,175.9,189.8,138.9,213.9,185.6
24,2,24,Sobi,elite,14,3,4,3,4,4,177.1,216.8,176.4,208.7,203.8
24,2,24,Sobi,elite,15,4,4,3,3,3,201.7,196.1,165.9,125.4,155.9
24,2,24,Sobi,elite,16,3,4,3,3,3,159.5,192,130.6,149.5,142.5
24,2,24,Sobi,elite,17,1,3,2,3,1,48.3,141.8,104,151,42.2
24,2,24,Sobi,elite,18,2,3,2,2,3,95.4,158.6,93.8,81.1,124.4
24,2,24,Sobi,elite,19,3,3,NA,2,1,128.7,138.6,NA,88.3,51.2
24,2,24,Sobi,elite,20,2,3,NA,NA,2,98.7,129.8,NA,NA,82.9
24,2,24,Sobi,elite,21,2,2,NA,NA,NA,89.7,87.4,NA,NA,NA
25,2,25,SWSkotte,elite,1,0,0,3,2,2,0,0,73.3,37.5,61
25,2,25,SWSkotte,elite,2,2,0,4,3,3,42.3,0,128,108.7,119.4
25,2,25,SWSkotte,elite,3,3,1,4,3,4,112,43.7,154.3,147.4,177.6
25,2,25,SWSkotte,elite,4,3,3,4,4,4,130.3,138.3,172.9,169.2,168.8
25,2,25,SWSkotte,elite,5,3,3,2,4,4,99.1,146.7,88.9,193,194.4
25,2,25,SWSkotte,elite,6,4,3,4,3,4,164,145.9,184.7,150,182.7
25,2,25,SWSkotte,elite,7,4,4,4,3,5,176.2,182.5,152.6,149.7,225.2
25,2,25,SWSkotte,elite,8,4,4,5,4,5,183.1,185.1,211.7,201.9,219.3
25,2,25,SWSkotte,elite,9,4,4,4,3,4,172.7,186.5,164.9,129.8,167.5
25,2,25,SWSkotte,elite,10,3,4,5,4,4,142.8,195.3,224.6,192.9,167.1
25,2,25,SWSkotte,elite,11,3,4,3,3,3,127,161,142.4,148.6,144.6
25,2,25,SWSkotte,elite,12,2,2,4,4,4,96.9,108,178,181.5,168.8
25,2,25,SWSkotte,elite,13,4,4,4,4,5,165.1,182.2,170.1,186,207.6
25,2,25,SWSkotte,elite,14,3,3,5,1,4,126.9,149.6,191.8,44.1,187.4
25,2,25,SWSkotte,elite,15,4,3,4,4,4,171.7,149,168.5,181.9,163.4
25,2,25,SWSkotte,elite,16,3,3,4,4,3,131.1,145,159.1,177.7,137.9
25,2,25,SWSkotte,elite,17,3,3,4,4,3,114.9,129.6,151.3,145.5,117.1
25,2,25,SWSkotte,elite,18,3,3,1,3,3,120,118.9,42.7,133,121.4
25,2,25,SWSkotte,elite,19,3,2,3,3,3,101.3,84.9,120.3,112.9,114.5
25,2,25,SWSkotte,elite,20,2,1,3,3,3,74.8,47.1,111.9,114.9,119.5
25,2,25,SWSkotte,elite,21,2,2,3,2,3,69.1,75.9,103,73,100.5
25,2,25,SWSkotte,elite,22,NA,NA,3,1,2,NA,NA,81.6,26.4,72.6
25,2,25,SWSkotte,elite,23,NA,NA,2,NA,1,NA,NA,63.2,NA,38.4
26,2,26,Baguette11,elite,1,2,0,3,0,0,90.2,0,125.1,0,0
26,2,26,Baguette11,elite,2,3,2,2,2,3,132.4,57.7,97.1,65.3,82.4
26,2,26,Baguette11,elite,3,3,3,5,3,4,130.7,120.8,236.4,129.6,134.8
26,2,26,Baguette11,elite,4,2,4,3,2,3,99.8,144.8,130.9,103.5,105.7
26,2,26,Baguette11,elite,5,2,4,5,4,3,97.4,169.7,273.8,193.2,130.7
26,2,26,Baguette11,elite,6,3,3,5,4,4,140.8,109.8,250.8,140.5,160
26,2,26,Baguette11,elite,7,2,3,5,4,4,97.7,129.4,272.4,185.9,180
26,2,26,Baguette11,elite,8,2,4,5,2,4,101.1,180.7,275.5,110,180.7
26,2,26,Baguette11,elite,9,3,4,5,4,4,143.3,179,276.3,172.8,184.2
26,2,26,Baguette11,elite,10,3,3,4,4,4,133,149.3,215.7,181.5,161.2
26,2,26,Baguette11,elite,11,3,3,3,4,4,130.1,140.5,141.5,141.3,175.3
26,2,26,Baguette11,elite,12,2,3,3,1,4,107.7,145.4,144.9,30.5,155.7
26,2,26,Baguette11,elite,13,2,2,3,3,4,87.1,82.6,127.6,141.2,156.6
26,2,26,Baguette11,elite,14,1,3,2,5,4,46.4,117.3,85.4,179.7,141.7
26,2,26,Baguette11,elite,15,2,3,4,3,3,79.7,103.7,187.3,102,122.5
26,2,26,Baguette11,elite,16,2,1,4,2,2,79.7,22.8,157.8,62,62.3
26,2,26,Baguette11,elite,17,2,2,2,NA,2,74.2,74.2,61.9,NA,62.8
26,2,26,Baguette11,elite,18,NA,2,1,NA,2,NA,66.1,32.8,NA,46.1
26,2,26,Baguette11,elite,19,NA,NA,0,NA,2,NA,NA,0,NA,64.6
26,2,26,Baguette11,elite,20,NA,NA,1,NA,NA,NA,NA,36.8,NA,NA
27,2,27,Gallant,elite,1,0,0,0,2,1,0,0,0,91.3,40
27,2,27,Gallant,elite,2,3,3,3,3,2,136.4,135.5,123.4,159.9,94.4
27,2,27,Gallant,elite,3,3,2,1,3,2,150,88.3,56.1,159.5,93.6
27,2,27,Gallant,elite,4,4,4,4,3,5,165.5,205.2,201.9,172.9,222.7
27,2,27,Gallant,elite,5,4,4,2,5,5,218.2,211.7,110.2,255.2,240.8
27,2,27,Gallant,elite,6,5,4,5,2,4,260.7,228.3,251.3,93.4,224.4
27,2,27,Gallant,elite,7,4,4,3,5,4,208.3,198,172.7,295.4,225.1
27,2,27,Gallant,elite,8,5,5,5,4,4,248.3,269.2,285.7,240.4,229.8
27,2,27,Gallant,elite,9,4,6,4,4,5,205.9,306.3,241.6,246.1,294.5
27,2,27,Gallant,elite,10,5,5,5,4,5,282.8,268.5,277.8,262.3,282.4
27,2,27,Gallant,elite,11,5,4,5,4,5,263.1,220.2,235.1,236.1,286.3
27,2,27,Gallant,elite,12,5,5,4,3,5,251.4,275.5,239,167.4,269.1
27,2,27,Gallant,elite,13,5,5,3,4,3,228.3,245.7,143.6,226.1,178.5
27,2,27,Gallant,elite,14,4,3,3,2,5,220.2,162.5,152,115,234.8
27,2,27,Gallant,elite,15,3,3,3,3,4,169.4,167.9,151.9,169.4,212.7
27,2,27,Gallant,elite,16,4,4,4,3,4,190.4,217.1,184.5,164.5,208.8
27,2,27,Gallant,elite,17,3,3,3,3,3,151.2,166.9,145.6,130.6,149.9
27,2,27,Gallant,elite,18,2,4,3,3,4,97.1,184.6,126.5,143.1,181.7
27,2,27,Gallant,elite,19,0,3,2,1,4,0,153.4,88.8,41.7,136.2
27,2,27,Gallant,elite,20,NA,3,2,2,2,NA,126.7,86.6,91.3,97.9
27,2,27,Gallant,elite,21,NA,3,NA,NA,NA,NA,134.5,NA,NA,NA
28,2,28,Monty,elite,1,3,2,3,3,3,118.8,78.5,116,115.2,138.1
28,2,28,Monty,elite,2,2,3,4,4,5,92.7,128,176,192.3,241.4
28,2,28,Monty,elite,3,5,4,4,5,4,222.8,161.5,175.9,227.1,170.7
28,2,28,Monty,elite,4,5,4,4,5,5,201.2,181.3,164.3,241.8,232.6
28,2,28,Monty,elite,5,5,4,5,4,4,241.6,111.8,224.4,201.4,212.5
28,2,28,Monty,elite,6,5,4,5,5,6,235.2,195.3,231.6,252,296.1
28,2,28,Monty,elite,7,5,4,5,5,6,240.2,178.4,219.2,260.7,274.8
28,2,28,Monty,elite,8,5,4,4,4,5,244.8,190.3,219.3,221.5,233.6
28,2,28,Monty,elite,9,5,3,4,5,5,249.3,163.2,213.1,248.6,294.6
28,2,28,Monty,elite,10,5,3,5,6,5,258.1,134.1,267.6,293.2,271.1
28,2,28,Monty,elite,11,4,4,5,5,5,201.5,190.4,254.4,314.9,285
28,2,28,Monty,elite,12,5,4,5,5,5,262.3,212.9,270.3,269.1,289.6
28,2,28,Monty,elite,13,5,4,5,5,5,254.9,193.2,245.4,234.7,249.3
28,2,28,Monty,elite,14,5,4,5,5,5,232.8,186.6,228.1,248.5,173.9
28,2,28,Monty,elite,15,5,4,5,3,5,244.3,182.8,261.8,128.2,195.5
28,2,28,Monty,elite,16,4,3,5,4,5,183.2,144.6,206.1,156.5,181.5
28,2,28,Monty,elite,17,5,3,4,2,4,235.5,124.6,193.7,100.1,183.1
28,2,28,Monty,elite,18,4,3,4,4,4,168.6,128.5,181.8,196.8,173.4
28,2,28,Monty,elite,19,4,3,4,3,4,130.6,100.7,161.4,143.3,137.4
28,2,28,Monty,elite,20,3,2,4,4,3,87,77.3,158.5,141.2,130.3
28,2,28,Monty,elite,21,3,2,3,3,NA,114.5,82.5,84.8,133.1,NA
28,2,28,Monty,elite,22,2,NA,3,NA,NA,87,NA,97.4,NA,NA
28,2,28,Monty,elite,23,NA,NA,3,NA,NA,NA,NA,133.7,NA,NA
29,2,29,TRI137,resource,1,0,0,0,0,0,0,0,0,0,0
29,2,29,TRI137,resource,2,0,0,0,0,0,0,0,0,0,0
29,2,29,TRI137,resource,3,3,0,0,0,0,93,0,0,0,0
29,2,29,TRI137,resource,4,4,2,2,1,1,122.9,81.9,83.1,51.1,35.9
29,2,29,TRI137,resource,5,4,3,2,3,2,151.7,127.5,93.4,116.7,87.3
29,2,29,TRI137,resource,6,4,3,3,3,3,154.1,135.5,123.9,104.1,118.9
29,2,29,TRI137,resource,7,4,2,3,3,3,166.5,102.4,141.2,139.9,134.9
29,2,29,TRI137,resource,8,4,3,3,3,3,162.5,149.8,147.7,134.4,128.2
29,2,29,TRI137,resource,9,4,3,2,3,3,176.4,151.4,100.7,148.8,140.2
29,2,29,TRI137,resource,10,4,3,3,2,3,167,132.5,148.4,88.1,137.1
29,2,29,TRI137,resource,11,3,3,3,2,3,130,82.3,151,92.6,138.4
29,2,29,TRI137,resource,12,3,2,3,3,3,128.4,104,141.8,131.9,132.2
29,2,29,TRI137,resource,13,3,3,3,3,3,136.1,143.8,143.7,135.1,147.5
29,2,29,TRI137,resource,14,3,3,3,3,3,127.3,162.8,141.3,124.8,138.5
29,2,29,TRI137,resource,15,3,2,2,3,3,118.9,93.8,100.7,123,116.7
29,2,29,TRI137,resource,16,2,3,3,1,3,70.8,151.6,123.2,43.5,128.7
29,2,29,TRI137,resource,17,2,2,2,1,2,87.3,100.2,95.1,43,98.2
29,2,29,TRI137,resource,18,1,2,1,1,1,38.9,104.2,48.3,28.7,44.1
29,2,29,TRI137,resource,19,1,2,2,2,1,38.1,89.4,84.8,79.7,47.5
29,2,29,TRI137,resource,20,2,2,1,2,2,77,92.3,43.9,74.7,83.5
29,2,29,TRI137,resource,21,1,2,2,1,2,37.1,78.4,75.8,33.2,55.5
29,2,29,TRI137,resource,22,1,1,1,1,1,34,42.1,40.5,30.9,39.8
29,2,29,TRI137,resource,23,2,1,NA,NA,NA,61.5,36.8,NA,NA,NA
30,2,30,TRI14997,resource,1,2,0,0,1,0,52.8,0,0,34.4,0
30,2,30,TRI14997,resource,2,4,2,0,0,0,176.8,89.6,0,0,0
30,2,30,TRI14997,resource,3,4,4,0,2,3,173.5,172.2,0,76.8,117.6
30,2,30,TRI14997,resource,4,4,4,2,1,3,216.1,195.5,112.4,53,154.9
30,2,30,TRI14997,resource,5,4,4,2,4,4,220.2,205.2,97.2,150.5,135.6
30,2,30,TRI14997,resource,6,5,4,3,5,3,270.1,221.5,170.1,232.5,162.7
30,2,30,TRI14997,resource,7,4,4,2,4,3,230.4,226,132.2,212.2,129.5
30,2,30,TRI14997,resource,8,5,4,3,5,4,269.2,207.3,186.9,253.6,153.5
30,2,30,TRI14997,resource,9,5,4,4,5,5,227.2,218.6,211.5,281,188.1
30,2,30,TRI14997,resource,10,5,4,4,5,5,285.2,232.1,235.4,260.2,255
30,2,30,TRI14997,resource,11,3,3,3,5,5,175.1,193.8,196.6,274.8,244
30,2,30,TRI14997,resource,12,5,4,3,5,5,252.9,237.9,188.5,260.8,171.5
30,2,30,TRI14997,resource,13,2,4,2,4,4,119,228.3,131.9,234.2,215.1
30,2,30,TRI14997,resource,14,4,3,3,4,4,222.2,171.6,185.2,225.1,208.6
30,2,30,TRI14997,resource,15,4,5,3,4,3,247.9,276.1,183.8,214.9,169.1
30,2,30,TRI14997,resource,16,4,3,3,3,4,233.2,157.7,182.5,150.5,162
30,2,30,TRI14997,resource,17,4,3,3,3,4,217.6,178.2,169.5,148.1,188.7
30,2,30,TRI14997,resource,18,2,3,3,3,3,109.3,163.4,168.7,150.9,116.2
30,2,30,TRI14997,resource,19,3,3,2,2,3,176.3,164.6,57.2,103.7,139.8
30,2,30,TRI14997,resource,20,3,3,2,3,3,163.3,155.6,104.1,107.5,102.2
30,2,30,TRI14997,resource,21,3,3,1,1,2,165,139.4,57.2,39.5,91.2
30,2,30,TRI14997,resource,22,1,3,1,0,2,55.8,123.4,56.8,0,78.7
30,2,30,TRI14997,resource,23,2,2,0,1,1,105.4,88.4,0,30.7,44.3
30,2,30,TRI14997,resource,24,1,1,1,1,0,42,43.9,43,35.2,0
30,2,30,TRI14997,resource,25,0,2,NA,NA,1,0,91.1,NA,NA,39.4
31,2,31,Duxford,elite,1,1,0,1,1,0,44.7,0,38.9,50.5,0
31,2,31,Duxford,elite,2,3,3,1,2,2,151.6,117.8,56.8,111.1,86.5
31,2,31,Duxford,elite,3,4,3,2,3,3,216.5,90.8,56.9,176.4,125.5
31,2,31,Duxford,elite,4,3,3,3,4,2,158.9,151,167.3,225.1,84.2
31,2,31,Duxford,elite,5,4,3,2,4,4,184.6,140.5,111.9,243.4,218.9
31,2,31,Duxford,elite,6,4,4,3,5,3,210.3,212.1,150.9,268.9,186.5
31,2,31,Duxford,elite,7,3,3,4,5,4,168.1,171.3,203.9,294.8,172.3
31,2,31,Duxford,elite,8,4,5,4,5,4,206.5,231,214.7,282.4,200.6
31,2,31,Duxford,elite,9,4,5,3,4,5,214.1,274.9,175.7,239.7,239.6
31,2,31,Duxford,elite,10,5,2,4,4,4,271.8,130.4,216.4,259.6,190.5
31,2,31,Duxford,elite,11,5,5,4,4,5,272.9,262,179.7,261.7,248.4
31,2,31,Duxford,elite,12,4,4,4,5,5,223.1,247.7,205.1,294,236.3
31,2,31,Duxford,elite,13,4,3,4,5,4,216.3,159.9,202.5,250.5,209.5
31,2,31,Duxford,elite,14,4,5,4,4,4,221.7,266.3,195.6,244.2,203
31,2,31,Duxford,elite,15,5,5,3,4,3,257.6,247.1,139.7,243.7,143.4
31,2,31,Duxford,elite,16,4,4,3,4,4,227.7,223.5,106.1,190.8,182.8
31,2,31,Duxford,elite,17,3,2,3,3,4,154.6,89.5,143.9,183.5,167.4
31,2,31,Duxford,elite,18,4,4,2,4,3,211.9,217.8,91,207.3,121.9
31,2,31,Duxford,elite,19,4,4,2,4,3,200.5,189.9,83.8,190,130.7
31,2,31,Duxford,elite,20,4,3,2,4,3,197,133.6,86.4,125.9,117
31,2,31,Duxford,elite,21,3,2,2,4,3,116.7,104.6,53,166.7,115.6
31,2,31,Duxford,elite,22,3,3,NA,NA,NA,136.6,131.8,NA,NA,NA
31,2,31,Duxford,elite,23,2,NA,NA,NA,NA,69,NA,NA,NA,NA
32,2,32,TRI6729,resource,1,0,2,1,0,0,0,88.6,44.2,0,0
32,2,32,TRI6729,resource,2,2,3,3,0,3,95,131.9,131,0,123.3
32,2,32,TRI6729,resource,3,3,3,3,3,3,149,160.4,162.2,151,164.5
32,2,32,TRI6729,resource,4,3,3,3,3,3,181.3,178.5,173.4,161,156.2
32,2,32,TRI6729,resource,5,3,2,3,3,3,177,132.2,186.8,175.2,195.2
32,2,32,TRI6729,resource,6,3,3,3,3,3,191.1,188.9,201.8,183.7,190.5
32,2,32,TRI6729,resource,7,3,3,3,3,3,236.1,198.6,192.8,187.4,201
32,2,32,TRI6729,resource,8,4,3,4,3,3,194.3,200.4,230.2,190.4,191.1
32,2,32,TRI6729,resource,9,3,3,3,3,3,168,177.3,185.5,194.5,204.6
32,2,32,TRI6729,resource,10,3,4,3,3,3,197.9,248.4,187.4,200.4,190.9
32,2,32,TRI6729,resource,11,4,2,3,3,3,220.4,131.5,175.2,199.7,202.3
32,2,32,TRI6729,resource,12,4,3,3,3,3,226.2,177.2,180.5,184.5,195.7
32,2,32,TRI6729,resource,13,3,3,3,3,3,182.6,158.9,147.4,188.9,187.4
32,2,32,TRI6729,resource,14,3,3,3,3,3,183.4,172.1,144.1,173.4,165.5
32,2,32,TRI6729,resource,15,3,2,2,3,3,172.6,123.3,118.3,174.7,175.1
32,2,32,TRI6729,resource,16,2,2,2,3,3,99.1,122.2,109.2,155.5,167.2
32,2,32,TRI6729,resource,17,2,2,2,3,2,127.3,109.5,89.7,142.4,120.5
32,2,32,TRI6729,resource,18,2,2,1,2,2,118.9,88.3,60.3,117.7,117.1
32,2,32,TRI6729,resource,19,2,2,NA,2,1,109.7,72.9,NA,106.2,53.9
32,2,32,TRI6729,resource,20,1,NA,NA,1,1,57.9,NA,NA,53.1,49.7
32,2,32,TRI6729,resource,21,2,NA,NA,1,2,75.3,NA,NA,50.4,78.2
33,2,33,TRI10050,resource,1,0,0,0,0,0,0,0,0,0,0
33,2,33,TRI10050,resource,2,1,2,0,1,0,29.2,81,0,25.8,0
33,2,33,TRI10050,resource,3,2,2,3,2,3,70.3,100.5,118.1,72.4,147
33,2,33,TRI10050,resource,4,3,2,3,3,3,114.1,109.4,105.4,109.5,155.6
33,2,33,TRI10050,resource,5,3,3,3,3,4,123.6,156.9,128.6,133.2,215.2
33,2,33,TRI10050,resource,6,3,3,3,3,3,132.4,169.3,137.6,139.8,180.7
33,2,33,TRI10050,resource,7,3,3,3,3,3,137.2,185.2,157.9,147.2,194.3
33,2,33,TRI10050,resource,8,3,3,3,3,3,144.6,177.7,154.5,142.9,191.4
33,2,33,TRI10050,resource,9,3,3,2,3,3,132.1,178.7,112.1,146.9,192.2
33,2,33,TRI10050,resource,10,3,3,3,3,3,140.2,173.5,167.7,146,196.4
33,2,33,TRI10050,resource,11,3,2,3,3,2,136.8,125.3,172.3,146.1,134.8
33,2,33,TRI10050,resource,12,3,2,3,3,3,142.9,121.4,172.7,133.9,147.6
33,2,33,TRI10050,resource,13,3,2,3,3,3,126.1,121.9,155.1,132.8,186.4
33,2,33,TRI10050,resource,14,2,3,3,3,3,102.3,147.9,160,130.3,155.9
33,2,33,TRI10050,resource,15,2,2,3,3,3,94,98.4,146.4,128.5,178.9
33,2,33,TRI10050,resource,16,2,2,3,2,3,92.5,97.7,150.7,93.8,180.4
33,2,33,TRI10050,resource,17,2,2,2,2,3,87,94.1,103.5,87.1,164.1
33,2,33,TRI10050,resource,18,2,2,2,2,2,78.2,82.1,84.8,87.4,100.8
33,2,33,TRI10050,resource,19,2,2,2,2,2,73.3,70.7,89.8,85.8,114.3
33,2,33,TRI10050,resource,20,2,NA,2,2,2,66.6,NA,77.4,73.4,97.5
33,2,33,TRI10050,resource,21,2,NA,1,2,2,67.8,NA,39.5,60.4,101.8
33,2,33,TRI10050,resource,22,NA,NA,1,NA,2,NA,NA,33.7,NA,98.1
34,2,34,Malacca,elite,1,1,0,1,3,0,38.9,0,29.2,102.7,0
34,2,34,Malacca,elite,2,3,3,3,4,1,140.5,99.3,127.1,160.2,42
34,2,34,Malacca,elite,3,3,3,4,4,3,154.4,127.6,193.6,207.2,170.1
34,2,34,Malacca,elite,4,3,4,4,4,4,145.5,160.4,147.8,193.8,210.9
34,2,34,Malacca,elite,5,3,4,5,4,3,163.1,179.1,240.5,214.7,164.7
34,2,34,Malacca,elite,6,2,4,4,2,3,107.4,175.9,202.7,61.3,145.6
34,2,34,Malacca,elite,7,4,3,2,4,4,168.5,145.4,112.7,215.8,240.1
34,2,34,Malacca,elite,8,4,5,4,3,4,187.4,209.9,208.5,152.6,164.3
34,2,34,Malacca,elite,9,4,4,4,4,3,184,190.1,189.5,166.1,175.2
34,2,34,Malacca,elite,10,3,4,4,4,4,55.4,190.3,206.3,213.1,223.8
34,2,34,Malacca,elite,11,3,4,4,4,4,161.5,197.9,206,202.2,242.6
34,2,34,Malacca,elite,12,4,4,4,3,3,191,195.4,217.9,158.7,166.1
34,2,34,Malacca,elite,13,4,4,4,4,2,177.3,193.3,179.6,124.7,127.7
34,2,34,Malacca,elite,14,3,4,4,4,3,162,159.8,204.7,156.4,97.9
34,2,34,Malacca,elite,15,4,4,4,3,4,219,162,195.8,149.9,203.7
34,2,34,Malacca,elite,16,3,4,4,4,3,70.1,182.2,176.3,158.8,168.4
34,2,34,Malacca,elite,17,3,3,3,3,3,123.7,139.8,157.3,155.2,162.3
34,2,34,Malacca,elite,18,2,3,3,3,3,65.9,135.9,148.6,158.7,61.5
34,2,34,Malacca,elite,19,3,3,3,3,3,114.4,125.3,142.3,148.5,147.1
34,2,34,Malacca,elite,20,2,3,3,3,1,61.2,120.9,137.3,141.4,50.7
34,2,34,Malacca,elite,21,3,3,3,3,1,154.1,110.3,115.3,98.9,54.6
34,2,34,Malacca,elite,22,2,2,2,2,1,107.4,81.3,88.7,77.5,48.2
34,2,34,Malacca,elite,23,2,2,2,2,1,98.1,68.5,89,91.5,39.9
34,2,34,Malacca,elite,24,1,2,NA,NA,NA,45.7,64.1,NA,NA,NA
35,2,35,TRI6897,resource,1,0,0,0,0,0,0,0,0,0,0
35,2,35,TRI6897,resource,2,2,0,0,0,0,89.5,0,0,0,0
35,2,35,TRI6897,resource,3,3,0,0,2,2,163,0,0,99.9,100.8
35,2,35,TRI6897,resource,4,2,0,1,2,1,113.6,0,43,98.1,34.6
35,2,35,TRI6897,resource,5,3,2,3,2,2,185.4,61.6,137.2,101.8,103.4
35,2,35,TRI6897,resource,6,3,3,3,2,1,156.5,158.4,144.6,115.1,45.4
35,2,35,TRI6897,resource,7,3,3,3,2,3,190.6,171.5,155.9,115.9,183.7
35,2,35,TRI6897,resource,8,4,3,3,3,0,225.8,170.9,173.4,186,0
35,2,35,TRI6897,resource,9,4,3,3,2,3,245.1,171.6,190.1,135.3,190.2
35,2,35,TRI6897,resource,10,3,2,3,4,3,189.1,129.4,173.1,223,193.4
35,2,35,TRI6897,resource,11,2,3,3,3,3,125.9,180.5,192.8,207.3,193
35,2,35,TRI6897,resource,12,3,3,2,3,1,183.8,187.4,140.1,196.3,68.9
35,2,35,TRI6897,resource,13,3,3,3,2,3,196.9,183.9,191.6,132.2,196.1
35,2,35,TRI6897,resource,14,3,2,3,3,2,94.8,134,176.6,181.6,74.4
35,2,35,TRI6897,resource,15,3,2,3,3,3,184.1,98.8,189.7,184,173.4
35,2,35,TRI6897,resource,16,2,2,3,3,2,127.6,130,107.3,176.3,134.4
35,2,35,TRI6897,resource,17,2,2,3,3,2,132.4,71.2,155.6,174.1,84.3
35,2,35,TRI6897,resource,18,2,2,1,2,2,123.3,116.6,59,107.2,133.4
35,2,35,TRI6897,resource,19,2,2,2,2,2,125.3,106.3,81,119.7,115.4
35,2,35,TRI6897,resource,20,1,2,2,2,2,53.2,103.9,95.9,68.8,112.5
35,2,35,TRI6897,resource,21,2,2,2,2,1,67.6,94.9,55.4,109.2,22.7
35,2,35,TRI6897,resource,22,NA,1,NA,2,1,NA,52.8,NA,94.1,26.7
36,2,36,TRI11244,resource,1,2,0,2,3,0,83.1,0,83.2,107.8,0
36,2,36,TRI11244,resource,2,3,2,3,2,1,128.6,105.3,139.6,83.2,31.8
36,2,36,TRI11244,resource,3,3,3,2,3,1,154.8,125.4,94.7,134.2,48
36,2,36,TRI11244,resource,4,4,3,4,3,3,189.9,174.2,176.4,164.4,139.9
36,2,36,TRI11244,resource,5,3,3,4,4,4,166.2,166.2,188.9,204,174.5
36,2,36,TRI11244,resource,6,3,2,3,4,3,148.8,111.8,152.8,214.4,158.4
36,2,36,TRI11244,resource,7,4,2,4,4,3,215.6,107.5,181,186.8,154.5
36,2,36,TRI11244,resource,8,4,2,4,4,2,206.6,123.3,191.1,210.9,75.6
36,2,36,TRI11244,resource,9,4,4,4,3,3,210.6,195.8,194,170.6,133
36,2,36,TRI11244,resource,10,4,3,3,4,3,207,165.4,163,202.6,143.5
36,2,36,TRI11244,resource,11,3,2,3,4,3,170.3,122.8,141.9,198.5,110.2
36,2,36,TRI11244,resource,12,4,3,2,4,4,185.2,174.1,92.6,200.9,175.5
36,2,36,TRI11244,resource,13,3,3,3,4,3,163.6,149.9,125,182.4,134.6
36,2,36,TRI11244,resource,14,3,2,3,3,3,152.2,92.8,147.1,144.6,135.8
36,2,36,TRI11244,resource,15,3,3,3,3,3,134.6,140.3,129.3,121.2,121.1
36,2,36,TRI11244,resource,16,3,2,2,3,3,129.4,99.6,82.1,133.4,119.1
36,2,36,TRI11244,resource,17,3,2,3,3,3,115.8,95.3,103,131.8,90.9
36,2,36,TRI11244,resource,18,2,1,3,3,2,77.5,40.4,92.2,82.6,65.2
36,2,36,TRI11244,resource,19,1,NA,NA,2,NA,44.2,NA,NA,74.8,NA
36,2,36,TRI11244,resource,20,2,NA,NA,NA,NA,68.5,NA,NA,NA,NA
37,2,37,TRI7444,resource,1,1,2,0,1,3,34,79.3,0,34.8,106.6
37,2,37,TRI7444,resource,2,3,4,1,3,4,100.3,152.9,27.3,119.9,130.5
37,2,37,TRI7444,resource,3,3,5,3,4,4,128.2,204.1,116.1,170.2,188.4
37,2,37,TRI7444,resource,4,4,4,3,2,5,155.5,196.6,121.1,81.4,203
37,2,37,TRI7444,resource,5,4,4,3,4,5,176.4,211.5,96.2,179.7,225.8
37,2,37,TRI7444,resource,6,4,4,3,2,4,172,208.1,131.5,94.5,182.7
37,2,37,TRI7444,resource,7,4,3,3,4,5,192.2,176.3,134.3,185.3,230.9
37,2,37,TRI7444,resource,8,4,4,3,4,4,180.7,181,143,186.6,209.8
37,2,37,TRI7444,resource,9,4,4,2,3,4,179.9,220.6,94.9,155.2,214.8
37,2,37,TRI7444,resource,10,3,3,3,3,4,152.3,166.8,132.8,148.1,195.5
37,2,37,TRI7444,resource,11,3,3,3,3,4,153.9,181.5,129.6,155.3,209.4
37,2,37,TRI7444,resource,12,3,3,2,3,4,145.8,152.5,95.8,147.3,203.4
37,2,37,TRI7444,resource,13,3,3,3,2,4,151.2,131.8,144.3,105.1,197.2
37,2,37,TRI7444,resource,14,3,3,3,3,4,142,116.1,102.8,145.3,193.7
37,2,37,TRI7444,resource,15,3,3,3,3,4,146.6,121.7,129.9,135.1,190.2
37,2,37,TRI7444,resource,16,3,3,2,3,3,133.6,164.1,85.6,124.3,147.1
37,2,37,TRI7444,resource,17,3,3,2,3,3,130.3,162.4,86.5,123.4,149.8
37,2,37,TRI7444,resource,18,2,3,2,2,3,94.3,154.8,70.6,93.3,147.6
37,2,37,TRI7444,resource,19,1,2,2,1,2,48.4,89.2,79.7,45.3,100.7
37,2,37,TRI7444,resource,20,2,3,1,2,2,75.8,123.7,32.8,82.8,98.1
37,2,37,TRI7444,resource,21,1,2,1,1,2,38.2,35.1,30.4,31.2,90
37,2,37,TRI7444,resource,22,0,2,NA,2,2,0,31.4,NA,57.4,82.1
37,2,37,TRI7444,resource,23,0,2,NA,NA,2,0,77.6,NA,NA,62.8
38,2,38,Apache,elite,1,0,0,0,0,0,0,0,0,0,0
38,2,38,Apache,elite,2,2,2,1,1,0,96.5,104.1,29.4,38.5,0
38,2,38,Apache,elite,3,3,4,3,3,2,158.5,222.9,122.7,147.2,81.1
38,2,38,Apache,elite,4,3,4,3,4,3,164.6,227.6,125.2,216.6,157.7
38,2,38,Apache,elite,5,4,5,3,4,3,190,282.1,163.6,200.3,154.1
38,2,38,Apache,elite,6,5,4,3,4,3,262.4,242,130.3,218.5,171.8
38,2,38,Apache,elite,7,4,5,3,4,3,199.9,297.1,164.6,228.5,181.7
38,2,38,Apache,elite,8,4,5,3,4,3,211,276.4,151.9,238.3,139.5
38,2,38,Apache,elite,9,3,5,4,4,4,150.4,299.5,194.5,231.7,217.6
38,2,38,Apache,elite,10,4,4,3,4,3,210.9,250.4,172.2,228.8,184
38,2,38,Apache,elite,11,6,5,3,4,3,276.5,238.9,155.1,216.6,148
38,2,38,Apache,elite,12,5,4,3,3,2,254.3,236.8,157.4,185.1,123
38,2,38,Apache,elite,13,3,4,3,4,3,112.5,218.9,143.4,193.7,174.3
38,2,38,Apache,elite,14,3,3,3,3,3,144.9,138.8,145.8,169.2,163
38,2,38,Apache,elite,15,3,4,2,3,3,109.6,187.1,102.6,148.5,151.5
38,2,38,Apache,elite,16,1,3,2,3,3,43,167.8,94.1,145.2,131.2
38,2,38,Apache,elite,17,3,3,2,3,2,128.3,137.4,83.9,133.3,105.6
38,2,38,Apache,elite,18,2,3,2,2,2,60.7,141.6,78.5,78.8,95.4
38,2,38,Apache,elite,19,3,3,1,2,2,114.9,116.2,38.2,85.9,82.8
38,2,38,Apache,elite,20,2,2,1,2,2,79.8,83.7,34,79.6,84.8
38,2,38,Apache,elite,21,2,2,1,2,1,71.6,67.9,22.2,69,32.7
38,2,38,Apache,elite,22,NA,2,NA,1,1,NA,67.3,NA,18.1,37.1
38,2,38,Apache,elite,23,NA,1,NA,NA,1,NA,30.6,NA,NA,34.9
39,2,39,TRI5121,resource,1,0,0,0,2,0,0,0,0,58.8,0
39,2,39,TRI5121,resource,2,3,3,4,3,2,103,101.1,125.4,110.8,60.8
39,2,39,TRI5121,resource,3,3,3,3,4,3,124.9,131.8,95,163.4,94.1
39,2,39,TRI5121,resource,4,4,3,3,4,3,154.8,137.3,129.3,166.1,129.2
39,2,39,TRI5121,resource,5,4,4,3,4,3,162.3,167.7,109.7,170.9,108.8
39,2,39,TRI5121,resource,6,4,4,3,4,3,151.3,166.8,105.4,165.7,136.2
39,2,39,TRI5121,resource,7,4,4,3,4,3,164.9,160.4,145.9,179.6,114.5
39,2,39,TRI5121,resource,8,4,4,3,4,3,167.9,159.3,147,172.4,103.8
39,2,39,TRI5121,resource,9,4,4,3,4,3,143.4,179.2,124.6,168.4,121.4
39,2,39,TRI5121,resource,10,4,4,2,4,3,151.9,166.5,104.1,168.9,138.7
39,2,39,TRI5121,resource,11,3,3,3,4,3,126.1,129.8,131.9,173.6,110.5
39,2,39,TRI5121,resource,12,3,4,2,4,3,110.9,154.9,101.3,168.5,131.4
39,2,39,TRI5121,resource,13,3,3,3,3,3,116.4,147.9,104,139,127.7
39,2,39,TRI5121,resource,14,2,3,2,3,3,78.8,147.2,93.7,121.8,115.4
39,2,39,TRI5121,resource,15,2,2,2,2,2,73.3,96.4,79.2,86.3,88.2
39,2,39,TRI5121,resource,16,2,3,2,3,2,67.5,130.7,87,108.4,84.1
39,2,39,TRI5121,resource,17,0,2,1,2,2,0,83.7,38.2,80.7,83.9
39,2,39,TRI5121,resource,18,1,2,2,1,2,32.1,86.9,73.6,42.9,69.7
39,2,39,TRI5121,resource,19,1,2,1,1,2,29.6,83.6,30.1,39,71.1
39,2,39,TRI5121,resource,20,1,2,0,2,1,28.5,79.7,0,65.1,32.5
39,2,39,TRI5121,resource,21,NA,2,NA,0,1,NA,70.8,NA,0,33.3
39,2,39,TRI5121,resource,22,NA,2,NA,NA,NA,NA,59.9,NA,NA,NA
39,2,39,TRI5121,resource,23,NA,2,NA,NA,NA,NA,35.3,NA,NA,NA
40,2,40,Savannah,elite,1,0,2,2,2,0,0,95.8,88.1,114.7,0
40,2,40,Savannah,elite,2,1,3,3,3,2,16.7,137.5,169.4,143.1,68.8
40,2,40,Savannah,elite,3,3,4,4,5,3,167.9,225.9,197.5,244.1,175.2
40,2,40,Savannah,elite,4,4,5,4,5,4,211.6,239.5,237.1,248.2,201.8
40,2,40,Savannah,elite,5,4,5,5,5,3,228.6,253.7,209.9,267.8,164.9
40,2,40,Savannah,elite,6,4,5,3,4,4,242.2,246.1,154.7,203.1,221
40,2,40,Savannah,elite,7,4,5,5,5,4,217.9,245.8,231.3,269,146.3
40,2,40,Savannah,elite,8,4,5,4,5,5,235.8,263.9,213.1,284.7,229
40,2,40,Savannah,elite,9,5,4,5,5,4,271.9,223.4,246.1,289.8,215.7
40,2,40,Savannah,elite,10,5,4,4,6,4,320.8,225.2,156.8,300.5,210.2
40,2,40,Savannah,elite,11,4,5,4,6,5,226.2,269.5,201.4,279.7,267.1
40,2,40,Savannah,elite,12,4,4,3,5,4,218.6,221.1,166.8,249.8,198
40,2,40,Savannah,elite,13,4,4,5,5,5,297.6,222.7,245,257.8,251.9
40,2,40,Savannah,elite,14,4,5,4,5,4,211.7,256.3,198.4,251.8,203.4
40,2,40,Savannah,elite,15,4,4,4,4,4,198.4,190.7,206.9,227.7,158.8
40,2,40,Savannah,elite,16,3,5,4,4,2,172.3,227.3,219.9,217.2,125.8
40,2,40,Savannah,elite,17,3,5,4,3,4,156.6,233.4,161.3,163.1,130.3
40,2,40,Savannah,elite,18,2,4,3,4,3,108,172.9,144.1,183.3,129.2
40,2,40,Savannah,elite,19,3,4,3,3,3,127.2,170.6,152.7,157.2,111
40,2,40,Savannah,elite,20,2,3,2,1,1,65.8,83.3,113.7,54.9,53.2
40,2,40,Savannah,elite,21,1,2,2,1,1,46,48.8,106.4,52.2,38.6
40,2,40,Savannah,elite,22,NA,2,1,1,NA,NA,46.5,27.5,32.5,NA
40,2,40,Savannah,elite,23,NA,1,NA,NA,NA,NA,29.8,NA,NA,NA
41,2,40,TRI4189,resource,1,0,0,0,0,0,0,0,0,0,0
41,2,40,TRI4189,resource,2,2,5,1,1,0,70.5,122.6,32.3,42.8,0
41,2,40,TRI4189,resource,3,2,3,3,2,1,84.6,101.6,120.3,77.1,29.3
41,2,40,TRI4189,resource,4,3,3,2,2,2,108.8,94.5,92.8,81.7,91.6
41,2,40,TRI4189,resource,5,2,2,1,2,2,92.1,92.8,40.6,90.2,102.2
41,2,40,TRI4189,resource,6,2,3,3,3,2,92.1,122.9,124.2,115.8,98.8
41,2,40,TRI4189,resource,7,3,2,3,3,3,119,107.5,129.2,139.9,140.6
41,2,40,TRI4189,resource,8,3,2,2,3,2,129.6,100.6,102.4,119.4,100
41,2,40,TRI4189,resource,9,3,3,2,3,3,129.9,146.1,97.2,143.7,130.8
41,2,40,TRI4189,resource,10,3,3,2,3,2,127,131.8,106.6,128.1,103.3
41,2,40,TRI4189,resource,11,3,3,2,3,2,125.2,137.8,104.4,147.6,105.2
41,2,40,TRI4189,resource,12,3,3,2,3,2,128.8,133.5,102,135.6,103.5
41,2,40,TRI4189,resource,13,2,2,2,2,2,98.2,105.3,95.6,109.6,102.4
41,2,40,TRI4189,resource,14,3,2,2,3,2,134.2,99.4,99.9,136.3,99.3
41,2,40,TRI4189,resource,15,2,2,2,2,2,98.6,93.3,101.4,108.2,91.5
41,2,40,TRI4189,resource,16,2,2,2,2,1,105,89.5,95.1,103.6,48
41,2,40,TRI4189,resource,17,2,2,2,2,2,86.2,82.8,86.2,96.8,85
41,2,40,TRI4189,resource,18,2,2,2,2,2,84.4,77.4,82.2,93.6,81.8
41,2,40,TRI4189,resource,19,2,1,2,2,2,71.6,38.6,78.5,93.6,80.2
41,2,40,TRI4189,resource,20,1,1,1,2,1,44.4,35.2,39.8,83.4,41.4
41,2,40,TRI4189,resource,21,1,1,1,1,1,36.1,28.5,33.9,42.4,36.6
41,2,40,TRI4189,resource,22,NA,NA,NA,1,1,NA,NA,NA,40.4,33.2
42,2,39,TRI3372,resource,1,0,0,0,0,0,0,0,0,0,0
42,2,39,TRI3372,resource,2,0,2,2,0,2,0,84.4,84.3,0,93
42,2,39,TRI3372,resource,3,0,3,3,2,3,0,111.9,126.8,80.8,146.5
42,2,39,TRI3372,resource,4,1,2,3,2,2,18.9,97.2,141.1,102,113.9
42,2,39,TRI3372,resource,5,2,4,3,2,3,59.7,181.8,160.2,104.3,164.6
42,2,39,TRI3372,resource,6,4,4,3,3,3,153.1,216.5,158.3,158.4,176.6
42,2,39,TRI3372,resource,7,4,4,3,3,3,156.1,209.8,163.1,144.8,180.1
42,2,39,TRI3372,resource,8,3,4,3,3,3,139.8,219.6,167.9,162.4,167.6
42,2,39,TRI3372,resource,9,3,4,2,3,3,139.9,240.5,110.9,153.9,179.3
42,2,39,TRI3372,resource,10,3,4,3,2,3,129,213.3,165.8,119.4,164.6
42,2,39,TRI3372,resource,11,3,4,3,3,3,129.4,229,172.5,163.7,158.7
42,2,39,TRI3372,resource,12,3,3,3,3,2,141.8,174.8,170.2,151.3,61.6
42,2,39,TRI3372,resource,13,3,3,3,3,3,138,161.4,163.6,153.4,172.7
42,2,39,TRI3372,resource,14,3,3,3,2,3,135.6,183.7,159.5,109.8,168.9
42,2,39,TRI3372,resource,15,3,3,3,1,3,129.1,172.7,141.4,59.7,171.3
42,2,39,TRI3372,resource,16,3,3,2,2,2,130.5,153.5,111.6,105.3,101.7
42,2,39,TRI3372,resource,17,2,3,2,2,3,88.9,156.9,103.8,103.5,157.8
42,2,39,TRI3372,resource,18,2,3,2,2,2,92.4,149.8,101.1,100.8,109.1
42,2,39,TRI3372,resource,19,2,1,2,2,2,84.7,45.1,87.7,96,98.8
42,2,39,TRI3372,resource,20,2,1,2,2,2,79.2,35.8,76,91.8,93.9
42,2,39,TRI3372,resource,21,2,1,1,2,1,76.9,43.2,45.3,78.2,47
42,2,39,TRI3372,resource,22,2,NA,NA,2,1,66,NA,NA,75.9,35.9
42,2,39,TRI3372,resource,23,2,NA,NA,1,1,54.9,NA,NA,21.2,47
42,2,39,TRI3372,resource,24,1,NA,NA,NA,1,36.2,NA,NA,NA,42.7
43,2,38,Fregata,elite,1,0,0,0,0,0,0,0,0,0,0
43,2,38,Fregata,elite,2,3,0,3,0,2,134.8,0,144.8,0,39.5
43,2,38,Fregata,elite,3,4,2,4,0,1,183.1,95.1,190.3,0,25.7
43,2,38,Fregata,elite,4,4,3,4,0,3,189.4,146.6,207.7,0,64.8
43,2,38,Fregata,elite,5,3,3,3,2,3,151.3,163.8,165.1,84.7,76.2
43,2,38,Fregata,elite,6,4,3,3,3,3,208.4,166.2,169,131.3,69.8
43,2,38,Fregata,elite,7,4,4,4,3,3,219.8,203.8,215.7,142.6,73.2
43,2,38,Fregata,elite,8,4,3,4,3,3,218.2,169.2,218.1,140.6,82
43,2,38,Fregata,elite,9,3,3,4,3,3,171.3,145.3,214.7,153.8,74.2
43,2,38,Fregata,elite,10,2,3,4,3,4,106.2,166.4,215,151.6,95.2
43,2,38,Fregata,elite,11,4,3,3,3,4,202.8,161.3,159.6,148.9,96.5
43,2,38,Fregata,elite,12,4,3,4,3,3,209.5,169.2,203.1,148.3,78.5
43,2,38,Fregata,elite,13,4,3,3,3,3,199.4,160.6,156.7,145.6,84
43,2,38,Fregata,elite,14,4,3,3,3,3,193.9,158.6,150.8,141.4,74
43,2,38,Fregata,elite,15,3,3,2,3,3,153,146.2,82.8,133.1,72.2
43,2,38,Fregata,elite,16,3,2,2,2,3,140.2,105.2,97.1,102.6,75.1
43,2,38,Fregata,elite,17,3,2,2,2,2,141.5,94.2,98.6,99.9,57.8
43,2,38,Fregata,elite,18,2,2,2,2,2,82.5,95.5,92.5,92.8,54.6
43,2,38,Fregata,elite,19,2,2,1,2,2,92.8,86.8,47.2,87.8,50.5
43,2,38,Fregata,elite,20,2,2,2,2,2,83.6,85.2,79.2,76.3,47.4
43,2,38,Fregata,elite,21,0,1,1,1,2,0,40.1,39.4,41,46.3
43,2,38,Fregata,elite,22,0,NA,NA,1,2,0,NA,NA,35,46.2
43,2,38,Fregata,elite,23,NA,NA,NA,1,1,NA,NA,NA,31.9,18.8
44,2,37,Consort,elite,1,1,0,0,0,0,42.4,0,0,0,0
44,2,37,Consort,elite,2,3,3,0,0,1,147,116.4,0,0,39.3
44,2,37,Consort,elite,3,3,3,2,2,2,159.4,145,88.4,93.8,100
44,2,37,Consort,elite,4,4,3,3,2,3,172.9,139.7,145.5,92.8,150.2
44,2,37,Consort,elite,5,4,4,3,2,3,181.6,192.8,146.2,108.1,139.8
44,2,37,Consort,elite,6,4,3,3,3,5,200.6,152.7,156.3,138.1,232.2
44,2,37,Consort,elite,7,4,4,3,4,5,201.2,203.8,153.2,185.2,213.5
44,2,37,Consort,elite,8,4,4,3,4,5,216.8,182,156.2,154.2,232.9
44,2,37,Consort,elite,9,3,4,4,4,5,137.2,189.9,172.1,179.5,243.1
44,2,37,Consort,elite,10,4,5,4,4,3,216.4,212.1,176.4,164.6,141.6
44,2,37,Consort,elite,11,2,5,3,3,4,105.7,195.2,154.4,144.5,200.9
44,2,37,Consort,elite,12,4,4,3,3,4,189.4,201.8,152,129.8,190.5
44,2,37,Consort,elite,13,4,3,3,3,4,164.6,148.5,144.2,133,176.2
44,2,37,Consort,elite,14,3,4,3,3,3,144.6,179.9,136.6,124.5,148.8
44,2,37,Consort,elite,15,3,4,2,3,4,158.8,190.2,99,130.8,158.6
44,2,37,Consort,elite,16,1,3,2,3,3,50.2,133.8,74.8,113.1,120.5
44,2,37,Consort,elite,17,3,3,NA,3,3,120.9,130.3,NA,115.1,103.8
